ID	NAME	URL	PARTY	SORT_NAME
300001	Sen. Daniel Akaka (D-HI, 1990-2013)	http://www.govtrack.us/congress/members/daniel_akaka/300001	D	Akaka, Daniel (Sen.) [D-HI, 1990-2013]
300002	Sen. Lamar Alexander (R-TN)	http://www.govtrack.us/congress/members/lamar_alexander/300002	R	Alexander, Lamar (Sen.) [R-TN]
300003	Sen. Wayne Allard (R-CO, 1997-2009)	http://www.govtrack.us/congress/members/wayne_allard/300003	R	Allard, Wayne (Sen.) [R-CO, 1997-2009]
300005	Sen. Max Baucus (D-MT)	http://www.govtrack.us/congress/members/max_baucus/300005	D	Baucus, Max (Sen.) [D-MT]
300006	Sen. Evan Bayh (D-IN, 1999-2010)	http://www.govtrack.us/congress/members/evan_bayh/300006	D	Bayh, Evan (Sen.) [D-IN, 1999-2010]
300007	Sen. Robert Bennett (R-UT, 1993-2010)	http://www.govtrack.us/congress/members/robert_bennett/300007	R	Bennett, Robert (Sen.) [R-UT, 1993-2010]
300008	Vice President Joseph Biden (D)	http://www.govtrack.us/congress/members/joseph_biden/300008	D	Biden, Joseph (Vice President) [D]
300009	Sen. Jeff Bingaman (D-NM, 1983-2013)	http://www.govtrack.us/congress/members/jeff_bingaman/300009	D	Bingaman, Jeff (Sen.) [D-NM, 1983-2013]
300010	Sen. Christopher "Kit" Bond (R-MO, 1987-2010)	http://www.govtrack.us/congress/members/christopher_bond/300010	R	Bond, Christopher “Kit” (Sen.) [R-MO, 1987-2010]
300011	Sen. Barbara Boxer (D-CA)	http://www.govtrack.us/congress/members/barbara_boxer/300011	D	Boxer, Barbara (Sen.) [D-CA]
300013	Sen. Samuel "Sam" Brownback (R-KS, 1996-2010)	http://www.govtrack.us/congress/members/samuel_brownback/300013	R	Brownback, Samuel “Sam” (Sen.) [R-KS, 1996-2010]
300015	Sen. Conrad Burns (R-MT, 1989-2006)	http://www.govtrack.us/congress/members/conrad_burns/300015	R	Burns, Conrad (Sen.) [R-MT, 1989-2006]
300017	Sen. Ben Campbell (R-CO, 1993-2004)	http://www.govtrack.us/congress/members/ben_campbell/300017	R	Campbell, Ben (Sen.) [R-CO, 1993-2004]
300018	Sen. Maria Cantwell (D-WA)	http://www.govtrack.us/congress/members/maria_cantwell/300018	D	Cantwell, Maria (Sen.) [D-WA]
300019	Sen. Thomas Carper (D-DE)	http://www.govtrack.us/congress/members/thomas_carper/300019	D	Carper, Thomas (Sen.) [D-DE]
300021	Sen. Saxby Chambliss (R-GA)	http://www.govtrack.us/congress/members/saxby_chambliss/300021	R	Chambliss, Saxby (Sen.) [R-GA]
300022	Sen. Hillary Clinton (D-NY, 2001-2009)	http://www.govtrack.us/congress/members/hillary_clinton/300022	D	Clinton, Hillary (Sen.) [D-NY, 2001-2009]
300023	Sen. Thad Cochran (R-MS)	http://www.govtrack.us/congress/members/thad_cochran/300023	R	Cochran, Thad (Sen.) [R-MS]
300024	Sen. Norm Coleman (R-MN, 2003-2009)	http://www.govtrack.us/congress/members/norm_coleman/300024	R	Coleman, Norm (Sen.) [R-MN, 2003-2009]
300025	Sen. Susan Collins (R-ME)	http://www.govtrack.us/congress/members/susan_collins/300025	R	Collins, Susan (Sen.) [R-ME]
300026	Sen. Kent Conrad (D-ND, 1992-2013)	http://www.govtrack.us/congress/members/kent_conrad/300026	D	Conrad, Kent (Sen.) [D-ND, 1992-2013]
300027	Sen. John Cornyn (R-TX)	http://www.govtrack.us/congress/members/john_cornyn/300027	R	Cornyn, John (Sen.) [R-TX]
300028	Sen. Jon Corzine (D-NJ, 2001-2006)	http://www.govtrack.us/congress/members/jon_corzine/300028	D	Corzine, Jon (Sen.) [D-NJ, 2001-2006]
300029	Sen. Larry Craig (R-ID, 1991-2009)	http://www.govtrack.us/congress/members/larry_craig/300029	R	Craig, Larry (Sen.) [R-ID, 1991-2009]
300030	Sen. Michael Crapo (R-ID)	http://www.govtrack.us/congress/members/michael_crapo/300030	R	Crapo, Michael (Sen.) [R-ID]
300031	Sen. Thomas "Tom" Daschle (D-SD, 1987-2004)	http://www.govtrack.us/congress/members/thomas_daschle/300031	D	Daschle, Thomas “Tom” (Sen.) [D-SD, 1987-2004]
300032	Sen. Mark Dayton (D-MN, 2001-2006)	http://www.govtrack.us/congress/members/mark_dayton/300032	D	Dayton, Mark (Sen.) [D-MN, 2001-2006]
300033	Sen. Michael "Mike" DeWine (R-OH, 1995-2006)	http://www.govtrack.us/congress/members/michael_dewine/300033	R	DeWine, Michael “Mike” (Sen.) [R-OH, 1995-2006]
300034	Sen. Christopher Dodd (D-CT, 1981-2010)	http://www.govtrack.us/congress/members/christopher_dodd/300034	D	Dodd, Christopher (Sen.) [D-CT, 1981-2010]
300036	Sen. Pete Domenici (R-NM, 1973-2009)	http://www.govtrack.us/congress/members/pete_domenici/300036	R	Domenici, Pete (Sen.) [R-NM, 1973-2009]
300037	Sen. Byron Dorgan (D-ND, 1992-2010)	http://www.govtrack.us/congress/members/byron_dorgan/300037	D	Dorgan, Byron (Sen.) [D-ND, 1992-2010]
300038	Sen. Richard Durbin (D-IL)	http://www.govtrack.us/congress/members/richard_durbin/300038	D	Durbin, Richard (Sen.) [D-IL]
300039	Sen. John Edwards (D-NC, 1999-2004)	http://www.govtrack.us/congress/members/john_edwards/300039	D	Edwards, John (Sen.) [D-NC, 1999-2004]
300040	Sen. John Ensign (R-NV, 2001-2011)	http://www.govtrack.us/congress/members/john_ensign/300040	R	Ensign, John (Sen.) [R-NV, 2001-2011]
300041	Sen. Michael Enzi (R-WY)	http://www.govtrack.us/congress/members/michael_enzi/300041	R	Enzi, Michael (Sen.) [R-WY]
300042	Sen. Russell Feingold (D-WI, 1993-2010)	http://www.govtrack.us/congress/members/russell_feingold/300042	D	Feingold, Russell (Sen.) [D-WI, 1993-2010]
300043	Sen. Dianne Feinstein (D-CA)	http://www.govtrack.us/congress/members/dianne_feinstein/300043	D	Feinstein, Dianne (Sen.) [D-CA]
300044	Sen. Peter Fitzgerald (R-IL, 1999-2004)	http://www.govtrack.us/congress/members/peter_fitzgerald/300044	R	Fitzgerald, Peter (Sen.) [R-IL, 1999-2004]
300045	Sen. William "Bill" Frist (R-TN, 1995-2006)	http://www.govtrack.us/congress/members/william_frist/300045	R	Frist, William “Bill” (Sen.) [R-TN, 1995-2006]
300046	Sen. Bob Graham (D-FL, 1987-2004)	http://www.govtrack.us/congress/members/bob_graham/300046	D	Graham, Bob (Sen.) [D-FL, 1987-2004]
300047	Sen. Lindsey Graham (R-SC)	http://www.govtrack.us/congress/members/lindsey_graham/300047	R	Graham, Lindsey (Sen.) [R-SC]
300048	Sen. Charles "Chuck" Grassley (R-IA)	http://www.govtrack.us/congress/members/charles_grassley/300048	R	Grassley, Charles “Chuck” (Sen.) [R-IA]
300049	Sen. Judd Gregg (R-NH, 1993-2010)	http://www.govtrack.us/congress/members/judd_gregg/300049	R	Gregg, Judd (Sen.) [R-NH, 1993-2010]
300050	Sen. Charles "Chuck" Hagel (R-NE, 1997-2009)	http://www.govtrack.us/congress/members/charles_hagel/300050	R	Hagel, Charles “Chuck” (Sen.) [R-NE, 1997-2009]
300051	Sen. Thomas "Tom" Harkin (D-IA)	http://www.govtrack.us/congress/members/thomas_harkin/300051	D	Harkin, Thomas “Tom” (Sen.) [D-IA]
300052	Sen. Orrin Hatch (R-UT)	http://www.govtrack.us/congress/members/orrin_hatch/300052	R	Hatch, Orrin (Sen.) [R-UT]
300054	Sen. Kay Hutchison (R-TX, 1993-2013)	http://www.govtrack.us/congress/members/kay_hutchison/300054	R	Hutchison, Kay (Sen.) [R-TX, 1993-2013]
300055	Sen. James "Jim" Inhofe (R-OK)	http://www.govtrack.us/congress/members/james_inhofe/300055	R	Inhofe, James “Jim” (Sen.) [R-OK]
300056	Sen. Daniel Inouye (D-HI, 1963-2012)	http://www.govtrack.us/congress/members/daniel_inouye/300056	D	Inouye, Daniel (Sen.) [D-HI, 1963-2012]
300057	Sen. James "Jim" Jeffords (I-VT, 1989-2006)	http://www.govtrack.us/congress/members/james_jeffords/300057	I	Jeffords, James “Jim” (Sen.) [I-VT, 1989-2006]
300059	Sen. Edward "Ted" Kennedy (D-MA, 1962-2009)	http://www.govtrack.us/congress/members/edward_kennedy/300059	D	Kennedy, Edward “Ted” (Sen.) [D-MA, 1962-2009]
300060	Sen. John Kerry (D-MA, 1985-2013)	http://www.govtrack.us/congress/members/john_kerry/300060	D	Kerry, John (Sen.) [D-MA, 1985-2013]
300061	Sen. Herbert "Herb" Kohl (D-WI, 1989-2013)	http://www.govtrack.us/congress/members/herbert_kohl/300061	D	Kohl, Herbert “Herb” (Sen.) [D-WI, 1989-2013]
300062	Sen. Jon Kyl (R-AZ, 1995-2013)	http://www.govtrack.us/congress/members/jon_kyl/300062	R	Kyl, Jon (Sen.) [R-AZ, 1995-2013]
300063	Sen. Mary Landrieu (D-LA)	http://www.govtrack.us/congress/members/mary_landrieu/300063	D	Landrieu, Mary (Sen.) [D-LA]
300064	Sen. Frank Lautenberg (D-NJ, 2003-2013)	http://www.govtrack.us/congress/members/frank_lautenberg/300064	D	Lautenberg, Frank (Sen.) [D-NJ, 2003-2013]
300065	Sen. Patrick Leahy (D-VT)	http://www.govtrack.us/congress/members/patrick_leahy/300065	D	Leahy, Patrick (Sen.) [D-VT]
300066	Sen. Carl Levin (D-MI)	http://www.govtrack.us/congress/members/carl_levin/300066	D	Levin, Carl (Sen.) [D-MI]
300067	Sen. Joseph Lieberman (I-CT, 1989-2013)	http://www.govtrack.us/congress/members/joseph_lieberman/300067	I	Lieberman, Joseph (Sen.) [I-CT, 1989-2013]
300068	Sen. Blanche Lincoln (D-AR, 1999-2010)	http://www.govtrack.us/congress/members/blanche_lincoln/300068	D	Lincoln, Blanche (Sen.) [D-AR, 1999-2010]
300070	Sen. Richard Lugar (R-IN, 1977-2013)	http://www.govtrack.us/congress/members/richard_lugar/300070	R	Lugar, Richard (Sen.) [R-IN, 1977-2013]
300071	Sen. John McCain (R-AZ)	http://www.govtrack.us/congress/members/john_mccain/300071	R	McCain, John (Sen.) [R-AZ]
300072	Sen. Mitch McConnell (R-KY)	http://www.govtrack.us/congress/members/mitch_mcconnell/300072	R	McConnell, Mitch (Sen.) [R-KY]
300073	Sen. Barbara Mikulski (D-MD)	http://www.govtrack.us/congress/members/barbara_mikulski/300073	D	Mikulski, Barbara (Sen.) [D-MD]
300075	Sen. Lisa Murkowski (R-AK)	http://www.govtrack.us/congress/members/lisa_murkowski/300075	R	Murkowski, Lisa (Sen.) [R-AK]
300076	Sen. Patty Murray (D-WA)	http://www.govtrack.us/congress/members/patty_murray/300076	D	Murray, Patty (Sen.) [D-WA]
300077	Sen. Ben Nelson (D-NE, 2001-2013)	http://www.govtrack.us/congress/members/ben_nelson/300077	D	Nelson, Ben (Sen.) [D-NE, 2001-2013]
300078	Sen. Bill Nelson (D-FL)	http://www.govtrack.us/congress/members/bill_nelson/300078	D	Nelson, Bill (Sen.) [D-FL]
300079	Sen. Don Nickles (R-OK, 1981-2004)	http://www.govtrack.us/congress/members/don_nickles/300079	R	Nickles, Don (Sen.) [R-OK, 1981-2004]
300080	Sen. Mark Pryor (D-AR)	http://www.govtrack.us/congress/members/mark_pryor/300080	D	Pryor, Mark (Sen.) [D-AR]
300081	Sen. John "Jack" Reed (D-RI)	http://www.govtrack.us/congress/members/john_reed/300081	D	Reed, John “Jack” (Sen.) [D-RI]
300082	Sen. Harry Reid (D-NV)	http://www.govtrack.us/congress/members/harry_reid/300082	D	Reid, Harry (Sen.) [D-NV]
300083	Sen. Pat Roberts (R-KS)	http://www.govtrack.us/congress/members/pat_roberts/300083	R	Roberts, Pat (Sen.) [R-KS]
300084	Sen. John "Jay" Rockefeller (D-WV)	http://www.govtrack.us/congress/members/john_rockefeller/300084	D	Rockefeller, John “Jay” (Sen.) [D-WV]
300085	Sen. Richard "Rick" Santorum (R-PA, 1995-2006)	http://www.govtrack.us/congress/members/richard_santorum/300085	R	Santorum, Richard “Rick” (Sen.) [R-PA, 1995-2006]
300086	Sen. Paul Sarbanes (D-MD, 1977-2006)	http://www.govtrack.us/congress/members/paul_sarbanes/300086	D	Sarbanes, Paul (Sen.) [D-MD, 1977-2006]
300087	Sen. Charles Schumer (D-NY)	http://www.govtrack.us/congress/members/charles_schumer/300087	D	Schumer, Charles (Sen.) [D-NY]
300088	Sen. Jefferson "Jeff" Sessions (R-AL)	http://www.govtrack.us/congress/members/jefferson_sessions/300088	R	Sessions, Jefferson “Jeff” (Sen.) [R-AL]
300089	Sen. Richard Shelby (R-AL)	http://www.govtrack.us/congress/members/richard_shelby/300089	R	Shelby, Richard (Sen.) [R-AL]
300090	Sen. Gordon Smith (R-OR, 1997-2009)	http://www.govtrack.us/congress/members/gordon_smith/300090	R	Smith, Gordon (Sen.) [R-OR, 1997-2009]
300091	Sen. Olympia Snowe (R-ME, 1995-2013)	http://www.govtrack.us/congress/members/olympia_snowe/300091	R	Snowe, Olympia (Sen.) [R-ME, 1995-2013]
300092	Sen. Arlen Specter (D-PA, 1981-2010)	http://www.govtrack.us/congress/members/arlen_specter/300092	D	Specter, Arlen (Sen.) [D-PA, 1981-2010]
300093	Sen. Debbie Stabenow (D-MI)	http://www.govtrack.us/congress/members/debbie_stabenow/300093	D	Stabenow, Debbie (Sen.) [D-MI]
300094	Sen. Ted Stevens (R-AK, 1968-2009)	http://www.govtrack.us/congress/members/ted_stevens/300094	R	Stevens, Ted (Sen.) [R-AK, 1968-2009]
300096	Sen. James "Jim" Talent (R-MO, 2002-2006)	http://www.govtrack.us/congress/members/james_talent/300096	R	Talent, James “Jim” (Sen.) [R-MO, 2002-2006]
300097	Sen. Craig Thomas (R-WY, 1995-2007)	http://www.govtrack.us/congress/members/craig_thomas/300097	R	Thomas, Craig (Sen.) [R-WY, 1995-2007]
300098	Sen. George Voinovich (R-OH, 1999-2010)	http://www.govtrack.us/congress/members/george_voinovich/300098	R	Voinovich, George (Sen.) [R-OH, 1999-2010]
300099	Sen. John Warner (R-VA, 1979-2009)	http://www.govtrack.us/congress/members/john_warner/300099	R	Warner, John (Sen.) [R-VA, 1979-2009]
300100	Sen. Ron Wyden (D-OR)	http://www.govtrack.us/congress/members/ron_wyden/300100	D	Wyden, Ron (Sen.) [D-OR]
300151	Sen. Tim Hutchinson (R-AR, 1997-2002)	http://www.govtrack.us/congress/members/tim_hutchinson/300151	R	Hutchinson, Tim (Sen.) [R-AR, 1997-2002]
300152	Sen. Maxwell Cleland (D-GA, 1997-2002)	http://www.govtrack.us/congress/members/maxwell_cleland/300152	D	Cleland, Maxwell (Sen.) [D-GA, 1997-2002]
300155	Sen. Bob Smith (R-NH, 1990-2002)	http://www.govtrack.us/congress/members/bob_smith/300155	R	Smith, Bob (Sen.) [R-NH, 1990-2002]
300156	Sen. Robert Torricelli (D-NJ, 1997-2002)	http://www.govtrack.us/congress/members/robert_torricelli/300156	D	Torricelli, Robert (Sen.) [D-NJ, 1997-2002]
400003	Rep. Gary Ackerman (D-NY5, 1993-2013)	http://www.govtrack.us/congress/members/gary_ackerman/400003	D	Ackerman, Gary (Rep.) [D-NY5, 1993-2013]
400005	Rep. Todd Akin (R-MO2, 2001-2013)	http://www.govtrack.us/congress/members/todd_akin/400005	R	Akin, Todd (Rep.) [R-MO2, 2001-2013]
400006	Rep. Rodney Alexander (R-LA5)	http://www.govtrack.us/congress/members/rodney_alexander/400006	R	Alexander, Rodney (Rep.) [R-LA5]
400007	Rep. Thomas "Tom" Allen (D-ME1, 1997-2009)	http://www.govtrack.us/congress/members/thomas_allen/400007	D	Allen, Thomas “Tom” (Rep.) [D-ME1, 1997-2009]
400008	Rep. Robert "Rob" Andrews (D-NJ1)	http://www.govtrack.us/congress/members/robert_andrews/400008	D	Andrews, Robert “Rob” (Rep.) [D-NJ1]
400009	Rep. Joe Baca (D-CA43, 2003-2013)	http://www.govtrack.us/congress/members/joe_baca/400009	D	Baca, Joe (Rep.) [D-CA43, 2003-2013]
400010	Rep. Spencer Bachus (R-AL6)	http://www.govtrack.us/congress/members/spencer_bachus/400010	R	Bachus, Spencer (Rep.) [R-AL6]
400011	Rep. Brian Baird (D-WA3, 1999-2010)	http://www.govtrack.us/congress/members/brian_baird/400011	D	Baird, Brian (Rep.) [D-WA3, 1999-2010]
400013	Sen. Tammy Baldwin (D-WI)	http://www.govtrack.us/congress/members/tammy_baldwin/400013	D	Baldwin, Tammy (Sen.) [D-WI]
400014	Rep. Frank Ballance (D-NC1, 2003-2004)	http://www.govtrack.us/congress/members/frank_ballance/400014	D	Ballance, Frank (Rep.) [D-NC1, 2003-2004]
400016	Rep. James "J. Gresham" Barrett (R-SC3, 2003-2010)	http://www.govtrack.us/congress/members/james_barrett/400016	R	Barrett, James “J. Gresham” (Rep.) [R-SC3, 2003-2010]
400017	Rep. Roscoe Bartlett (R-MD6, 1993-2013)	http://www.govtrack.us/congress/members/roscoe_bartlett/400017	R	Bartlett, Roscoe (Rep.) [R-MD6, 1993-2013]
400018	Rep. Joe Barton (R-TX6)	http://www.govtrack.us/congress/members/joe_barton/400018	R	Barton, Joe (Rep.) [R-TX6]
400019	Rep. Charles "Charlie" Bass (R-NH2, 2011-2013)	http://www.govtrack.us/congress/members/charles_bass/400019	R	Bass, Charles “Charlie” (Rep.) [R-NH2, 2011-2013]
400020	Rep. Bob Beauprez (R-CO7, 2003-2006)	http://www.govtrack.us/congress/members/bob_beauprez/400020	R	Beauprez, Bob (Rep.) [R-CO7, 2003-2006]
400021	Rep. Xavier Becerra (D-CA34)	http://www.govtrack.us/congress/members/xavier_becerra/400021	D	Becerra, Xavier (Rep.) [D-CA34]
400024	Rep. Shelley Berkley (D-NV1, 1999-2013)	http://www.govtrack.us/congress/members/shelley_berkley/400024	D	Berkley, Shelley (Rep.) [D-NV1, 1999-2013]
400025	Rep. Howard Berman (D-CA28, 2003-2013)	http://www.govtrack.us/congress/members/howard_berman/400025	D	Berman, Howard (Rep.) [D-CA28, 2003-2013]
400027	Rep. Judy Biggert (R-IL13, 1999-2013)	http://www.govtrack.us/congress/members/judy_biggert/400027	R	Biggert, Judy (Rep.) [R-IL13, 1999-2013]
400028	Rep. Michael Bilirakis (R-FL9, 1983-2006)	http://www.govtrack.us/congress/members/michael_bilirakis/400028	R	Bilirakis, Michael (Rep.) [R-FL9, 1983-2006]
400029	Rep. Rob Bishop (R-UT1)	http://www.govtrack.us/congress/members/rob_bishop/400029	R	Bishop, Rob (Rep.) [R-UT1]
400031	Rep. Timothy Bishop (D-NY1)	http://www.govtrack.us/congress/members/timothy_bishop/400031	D	Bishop, Timothy (Rep.) [D-NY1]
400032	Rep. Marsha Blackburn (R-TN7)	http://www.govtrack.us/congress/members/marsha_blackburn/400032	R	Blackburn, Marsha (Rep.) [R-TN7]
400033	Rep. Earl Blumenauer (D-OR3)	http://www.govtrack.us/congress/members/earl_blumenauer/400033	D	Blumenauer, Earl (Rep.) [D-OR3]
400034	Sen. Roy Blunt (R-MO)	http://www.govtrack.us/congress/members/roy_blunt/400034	R	Blunt, Roy (Sen.) [R-MO]
400035	Rep. Sherwood "Sherry" Boehlert (R-NY24, 2003-2006)	http://www.govtrack.us/congress/members/sherwood_boehlert/400035	R	Boehlert, Sherwood “Sherry” (Rep.) [R-NY24, 2003-2006]
400036	Rep. John Boehner (R-OH8)	http://www.govtrack.us/congress/members/john_boehner/400036	R	Boehner, John (Rep.) [R-OH8]
400037	Rep. Henry Bonilla (R-TX23, 1993-2006)	http://www.govtrack.us/congress/members/henry_bonilla/400037	R	Bonilla, Henry (Rep.) [R-TX23, 1993-2006]
400038	Rep. Jo Bonner (R-AL1)	http://www.govtrack.us/congress/members/jo_bonner/400038	R	Bonner, Jo (Rep.) [R-AL1]
400039	Rep. Mary Bono Mack (R-CA45, 2003-2013)	http://www.govtrack.us/congress/members/mary_bono_mack/400039	R	Bono Mack, Mary (Rep.) [R-CA45, 2003-2013]
400040	Sen. John Boozman (R-AR)	http://www.govtrack.us/congress/members/john_boozman/400040	R	Boozman, John (Sen.) [R-AR]
400044	Rep. Allen Boyd (D-FL2, 1997-2010)	http://www.govtrack.us/congress/members/allen_boyd/400044	D	Boyd, Allen (Rep.) [D-FL2, 1997-2010]
400045	Rep. Jeb Bradley (R-NH1, 2003-2006)	http://www.govtrack.us/congress/members/jeb_bradley/400045	R	Bradley, Jeb (Rep.) [R-NH1, 2003-2006]
400046	Rep. Kevin Brady (R-TX8)	http://www.govtrack.us/congress/members/kevin_brady/400046	R	Brady, Kevin (Rep.) [R-TX8]
400047	Rep. Robert Brady (D-PA1)	http://www.govtrack.us/congress/members/robert_brady/400047	D	Brady, Robert (Rep.) [D-PA1]
400048	Rep. Corrine Brown (D-FL5)	http://www.govtrack.us/congress/members/corrine_brown/400048	D	Brown, Corrine (Rep.) [D-FL5]
400050	Sen. Sherrod Brown (D-OH)	http://www.govtrack.us/congress/members/sherrod_brown/400050	D	Brown, Sherrod (Sen.) [D-OH]
400051	Rep. Virginia "Ginny" Brown-Waite (R-FL5, 2003-2010)	http://www.govtrack.us/congress/members/virginia_brown_waite/400051	R	Brown-Waite, Virginia “Ginny” (Rep.) [R-FL5, 2003-2010]
400052	Rep. Michael Burgess (R-TX26)	http://www.govtrack.us/congress/members/michael_burgess/400052	R	Burgess, Michael (Rep.) [R-TX26]
400053	Rep. Max Burns (R-GA12, 2003-2004)	http://www.govtrack.us/congress/members/max_burns/400053	R	Burns, Max (Rep.) [R-GA12, 2003-2004]
400054	Sen. Richard Burr (R-NC)	http://www.govtrack.us/congress/members/richard_burr/400054	R	Burr, Richard (Sen.) [R-NC]
400055	Rep. Dan Burton (R-IN5, 2003-2013)	http://www.govtrack.us/congress/members/dan_burton/400055	R	Burton, Dan (Rep.) [R-IN5, 2003-2013]
400056	Rep. Stephen "Steve" Buyer (R-IN4, 2003-2010)	http://www.govtrack.us/congress/members/stephen_buyer/400056	R	Buyer, Stephen “Steve” (Rep.) [R-IN4, 2003-2010]
400057	Rep. Ken Calvert (R-CA42)	http://www.govtrack.us/congress/members/ken_calvert/400057	R	Calvert, Ken (Rep.) [R-CA42]
400058	Rep. Dave Camp (R-MI4)	http://www.govtrack.us/congress/members/dave_camp/400058	R	Camp, Dave (Rep.) [R-MI4]
400060	Rep. Eric Cantor (R-VA7)	http://www.govtrack.us/congress/members/eric_cantor/400060	R	Cantor, Eric (Rep.) [R-VA7]
400061	Rep. Shelley Capito (R-WV2)	http://www.govtrack.us/congress/members/shelley_capito/400061	R	Capito, Shelley (Rep.) [R-WV2]
400062	Rep. Lois Capps (D-CA24)	http://www.govtrack.us/congress/members/lois_capps/400062	D	Capps, Lois (Rep.) [D-CA24]
400063	Rep. Michael Capuano (D-MA7)	http://www.govtrack.us/congress/members/michael_capuano/400063	D	Capuano, Michael (Rep.) [D-MA7]
400064	Sen. Benjamin Cardin (D-MD)	http://www.govtrack.us/congress/members/benjamin_cardin/400064	D	Cardin, Benjamin (Sen.) [D-MD]
400065	Rep. Dennis Cardoza (D-CA18, 2003-2012)	http://www.govtrack.us/congress/members/dennis_cardoza/400065	D	Cardoza, Dennis (Rep.) [D-CA18, 2003-2012]
400067	Rep. Julia Carson (D-IN7, 2003-2007)	http://www.govtrack.us/congress/members/julia_carson/400067	D	Carson, Julia (Rep.) [D-IN7, 2003-2007]
400068	Rep. John Carter (R-TX31)	http://www.govtrack.us/congress/members/john_carter/400068	R	Carter, John (Rep.) [R-TX31]
400070	Rep. Michael Castle (R-DE0, 1993-2010)	http://www.govtrack.us/congress/members/michael_castle/400070	R	Castle, Michael (Rep.) [R-DE0, 1993-2010]
400071	Rep. Steve Chabot (R-OH1)	http://www.govtrack.us/congress/members/steve_chabot/400071	R	Chabot, Steve (Rep.) [R-OH1]
400072	Rep. Chris Chocola (R-IN2, 2003-2006)	http://www.govtrack.us/congress/members/chris_chocola/400072	R	Chocola, Chris (Rep.) [R-IN2, 2003-2006]
400076	Rep. Howard Coble (R-NC6)	http://www.govtrack.us/congress/members/howard_coble/400076	R	Coble, Howard (Rep.) [R-NC6]
400077	Rep. Tom Cole (R-OK4)	http://www.govtrack.us/congress/members/tom_cole/400077	R	Cole, Tom (Rep.) [R-OK4]
400080	Rep. John Conyers (D-MI13)	http://www.govtrack.us/congress/members/john_conyers/400080	D	Conyers, John (Rep.) [D-MI13]
400081	Rep. Jim Cooper (D-TN5)	http://www.govtrack.us/congress/members/jim_cooper/400081	D	Cooper, Jim (Rep.) [D-TN5]
400083	Rep. Christopher Cox (R-CA48, 2003-2005)	http://www.govtrack.us/congress/members/christopher_cox/400083	R	Cox, Christopher (Rep.) [R-CA48, 2003-2005]
400086	Rep. Ander Crenshaw (R-FL4)	http://www.govtrack.us/congress/members/ander_crenshaw/400086	R	Crenshaw, Ander (Rep.) [R-FL4]
400087	Rep. Joseph Crowley (D-NY14)	http://www.govtrack.us/congress/members/joseph_crowley/400087	D	Crowley, Joseph (Rep.) [D-NY14]
400090	Rep. Elijah Cummings (D-MD7)	http://www.govtrack.us/congress/members/elijah_cummings/400090	D	Cummings, Elijah (Rep.) [D-MD7]
400091	Rep. Randall "Duke" Cunningham (R-CA50, 2003-2005)	http://www.govtrack.us/congress/members/randall_cunningham/400091	R	Cunningham, Randall “Duke” (Rep.) [R-CA50, 2003-2005]
400092	Rep. Artur Davis (D-AL7, 2003-2010)	http://www.govtrack.us/congress/members/artur_davis/400092	D	Davis, Artur (Rep.) [D-AL7, 2003-2010]
400095	Rep. Jo Ann Davis (R-VA1, 2001-2007)	http://www.govtrack.us/congress/members/jo_ann_davis/400095	R	Davis, Jo Ann (Rep.) [R-VA1, 2001-2007]
400097	Rep. Susan Davis (D-CA53)	http://www.govtrack.us/congress/members/susan_davis/400097	D	Davis, Susan (Rep.) [D-CA53]
400100	Rep. Peter DeFazio (D-OR4)	http://www.govtrack.us/congress/members/peter_defazio/400100	D	DeFazio, Peter (Rep.) [D-OR4]
400101	Rep. Diana DeGette (D-CO1)	http://www.govtrack.us/congress/members/diana_degette/400101	D	DeGette, Diana (Rep.) [D-CO1]
400102	Rep. William "Bill" Delahunt (D-MA10, 1997-2010)	http://www.govtrack.us/congress/members/william_delahunt/400102	D	Delahunt, William “Bill” (Rep.) [D-MA10, 1997-2010]
400103	Rep. Rosa DeLauro (D-CT3)	http://www.govtrack.us/congress/members/rosa_delauro/400103	D	DeLauro, Rosa (Rep.) [D-CT3]
400105	Sen. Jim DeMint (R-SC, 2005-2013)	http://www.govtrack.us/congress/members/jim_demint/400105	R	DeMint, Jim (Sen.) [R-SC, 2005-2013]
400108	Rep. Mario Diaz-Balart (R-FL25)	http://www.govtrack.us/congress/members/mario_diaz_balart/400108	R	Diaz-Balart, Mario (Rep.) [R-FL25]
400109	Rep. Norman "Norm" Dicks (D-WA6, 1977-2013)	http://www.govtrack.us/congress/members/norman_dicks/400109	D	Dicks, Norman “Norm” (Rep.) [D-WA6, 1977-2013]
400110	Rep. John Dingell (D-MI12)	http://www.govtrack.us/congress/members/john_dingell/400110	D	Dingell, John (Rep.) [D-MI12]
400111	Rep. Lloyd Doggett (D-TX35)	http://www.govtrack.us/congress/members/lloyd_doggett/400111	D	Doggett, Lloyd (Rep.) [D-TX35]
400113	Rep. John Doolittle (R-CA4, 1993-2009)	http://www.govtrack.us/congress/members/john_doolittle/400113	R	Doolittle, John (Rep.) [R-CA4, 1993-2009]
400114	Rep. Michael "Mike" Doyle (D-PA14)	http://www.govtrack.us/congress/members/michael_doyle/400114	D	Doyle, Michael “Mike” (Rep.) [D-PA14]
400115	Rep. David Dreier (R-CA26, 2003-2013)	http://www.govtrack.us/congress/members/david_dreier/400115	R	Dreier, David (Rep.) [R-CA26, 2003-2013]
400116	Rep. John "Jimmy" Duncan (R-TN2)	http://www.govtrack.us/congress/members/john_duncan/400116	R	Duncan, John “Jimmy” (Rep.) [R-TN2]
400117	Rep. Jennifer Dunn (R-WA8, 1993-2004)	http://www.govtrack.us/congress/members/jennifer_dunn/400117	R	Dunn, Jennifer (Rep.) [R-WA8, 1993-2004]
400119	Rep. Vernon Ehlers (R-MI3, 1993-2010)	http://www.govtrack.us/congress/members/vernon_ehlers/400119	R	Ehlers, Vernon (Rep.) [R-MI3, 1993-2010]
400122	Rep. Eliot Engel (D-NY16)	http://www.govtrack.us/congress/members/eliot_engel/400122	D	Engel, Eliot (Rep.) [D-NY16]
400123	Rep. Philip "Phil" English (R-PA3, 2003-2009)	http://www.govtrack.us/congress/members/philip_english/400123	R	English, Philip “Phil” (Rep.) [R-PA3, 2003-2009]
400124	Rep. Anna Eshoo (D-CA18)	http://www.govtrack.us/congress/members/anna_eshoo/400124	D	Eshoo, Anna (Rep.) [D-CA18]
400125	Rep. Bob Etheridge (D-NC2, 1997-2010)	http://www.govtrack.us/congress/members/bob_etheridge/400125	D	Etheridge, Bob (Rep.) [D-NC2, 1997-2010]
400127	Rep. Terry Everett (R-AL2, 1993-2009)	http://www.govtrack.us/congress/members/terry_everett/400127	R	Everett, Terry (Rep.) [R-AL2, 1993-2009]
400128	Del. Eni Faleomavaega (D-AS0)	http://www.govtrack.us/congress/members/eni_faleomavaega/400128	D	Faleomavaega, Eni (Del.) [D-AS0]
400131	Rep. Tom Feeney (R-FL24, 2003-2009)	http://www.govtrack.us/congress/members/tom_feeney/400131	R	Feeney, Tom (Rep.) [R-FL24, 2003-2009]
400132	Rep. Michael "Mike" Ferguson (R-NJ7, 2001-2009)	http://www.govtrack.us/congress/members/michael_ferguson/400132	R	Ferguson, Michael “Mike” (Rep.) [R-NJ7, 2001-2009]
400133	Rep. Bob Filner (D-CA51, 2003-2012)	http://www.govtrack.us/congress/members/bob_filner/400133	D	Filner, Bob (Rep.) [D-CA51, 2003-2012]
400134	Sen. Jeff Flake (R-AZ)	http://www.govtrack.us/congress/members/jeff_flake/400134	R	Flake, Jeff (Sen.) [R-AZ]
400138	Rep. Harold Ford (D-TN9, 1997-2006)	http://www.govtrack.us/congress/members/harold_ford/400138	D	Ford, Harold (Rep.) [D-TN9, 1997-2006]
400139	Rep. Vito Fossella (R-NY13, 1997-2009)	http://www.govtrack.us/congress/members/vito_fossella/400139	R	Fossella, Vito (Rep.) [R-NY13, 1997-2009]
400140	Rep. Barney Frank (D-MA4, 1981-2013)	http://www.govtrack.us/congress/members/barney_frank/400140	D	Frank, Barney (Rep.) [D-MA4, 1981-2013]
400141	Rep. Trent Franks (R-AZ8)	http://www.govtrack.us/congress/members/trent_franks/400141	R	Franks, Trent (Rep.) [R-AZ8]
400144	Rep. Elton Gallegly (R-CA24, 2003-2013)	http://www.govtrack.us/congress/members/elton_gallegly/400144	R	Gallegly, Elton (Rep.) [R-CA24, 2003-2013]
400145	Rep. Scott Garrett (R-NJ5)	http://www.govtrack.us/congress/members/scott_garrett/400145	R	Garrett, Scott (Rep.) [R-NJ5]
400146	Rep. Richard "Dick" Gephardt (D-MO3, 1977-2004)	http://www.govtrack.us/congress/members/richard_gephardt/400146	D	Gephardt, Richard “Dick” (Rep.) [D-MO3, 1977-2004]
400147	Rep. Jim Gerlach (R-PA6)	http://www.govtrack.us/congress/members/jim_gerlach/400147	R	Gerlach, Jim (Rep.) [R-PA6]
400150	Rep. Paul Gillmor (R-OH5, 1989-2007)	http://www.govtrack.us/congress/members/paul_gillmor/400150	R	Gillmor, Paul (Rep.) [R-OH5, 1989-2007]
400151	Rep. Phil Gingrey (R-GA11)	http://www.govtrack.us/congress/members/phil_gingrey/400151	R	Gingrey, Phil (Rep.) [R-GA11]
400154	Rep. Bob Goodlatte (R-VA6)	http://www.govtrack.us/congress/members/bob_goodlatte/400154	R	Goodlatte, Bob (Rep.) [R-VA6]
400155	Rep. Barton "Bart" Gordon (D-TN6, 1985-2010)	http://www.govtrack.us/congress/members/barton_gordon/400155	D	Gordon, Barton “Bart” (Rep.) [D-TN6, 1985-2010]
400157	Rep. Kay Granger (R-TX12)	http://www.govtrack.us/congress/members/kay_granger/400157	R	Granger, Kay (Rep.) [R-TX12]
400158	Rep. Sam Graves (R-MO6)	http://www.govtrack.us/congress/members/sam_graves/400158	R	Graves, Sam (Rep.) [R-MO6]
400159	Rep. Mark Green (R-WI8, 1999-2006)	http://www.govtrack.us/congress/members/mark_green/400159	R	Green, Mark (Rep.) [R-WI8, 1999-2006]
400160	Rep. Gene Green (D-TX29)	http://www.govtrack.us/congress/members/gene_green/400160	D	Green, Gene (Rep.) [D-TX29]
400161	Rep. James "Jim" Greenwood (R-PA8, 1993-2004)	http://www.govtrack.us/congress/members/james_greenwood/400161	R	Greenwood, James “Jim” (Rep.) [R-PA8, 1993-2004]
400162	Rep. Raúl Grijalva (D-AZ3)	http://www.govtrack.us/congress/members/raul_grijalva/400162	D	Grijalva, Raúl (Rep.) [D-AZ3]
400163	Rep. Luis Gutierrez (D-IL4)	http://www.govtrack.us/congress/members/luis_gutierrez/400163	D	Gutierrez, Luis (Rep.) [D-IL4]
400165	Rep. Ralph Hall (R-TX4)	http://www.govtrack.us/congress/members/ralph_hall/400165	R	Hall, Ralph (Rep.) [R-TX4]
400166	Rep. Jane Harman (D-CA36, 2001-2011)	http://www.govtrack.us/congress/members/jane_harman/400166	D	Harman, Jane (Rep.) [D-CA36, 2001-2011]
400167	Rep. Katherine Harris (R-FL13, 2003-2006)	http://www.govtrack.us/congress/members/katherine_harris/400167	R	Harris, Katherine (Rep.) [R-FL13, 2003-2006]
400170	Rep. Alcee Hastings (D-FL20)	http://www.govtrack.us/congress/members/alcee_hastings/400170	D	Hastings, Alcee (Rep.) [D-FL20]
400176	Rep. Walter "Wally" Herger (R-CA2, 1987-2013)	http://www.govtrack.us/congress/members/walter_herger/400176	R	Herger, Walter “Wally” (Rep.) [R-CA2, 1987-2013]
400178	Rep. Maurice Hinchey (D-NY22, 2003-2013)	http://www.govtrack.us/congress/members/maurice_hinchey/400178	D	Hinchey, Maurice (Rep.) [D-NY22, 2003-2013]
400180	Rep. David "Dave" Hobson (R-OH7, 1991-2009)	http://www.govtrack.us/congress/members/david_hobson/400180	R	Hobson, David “Dave” (Rep.) [R-OH7, 1991-2009]
400181	Rep. Joseph Hoeffel (D-PA13, 1999-2004)	http://www.govtrack.us/congress/members/joseph_hoeffel/400181	D	Hoeffel, Joseph (Rep.) [D-PA13, 1999-2004]
400182	Rep. Peter "Pete" Hoekstra (R-MI2, 1993-2010)	http://www.govtrack.us/congress/members/peter_hoekstra/400182	R	Hoekstra, Peter “Pete” (Rep.) [R-MI2, 1993-2010]
400184	Rep. Rush Holt (D-NJ12)	http://www.govtrack.us/congress/members/rush_holt/400184	D	Holt, Rush (Rep.) [D-NJ12]
400185	Rep. Michael "Mike" Honda (D-CA17)	http://www.govtrack.us/congress/members/michael_honda/400185	D	Honda, Michael “Mike” (Rep.) [D-CA17]
400187	Rep. John Hostettler (R-IN8, 1995-2006)	http://www.govtrack.us/congress/members/john_hostettler/400187	R	Hostettler, John (Rep.) [R-IN8, 1995-2006]
400189	Rep. Steny Hoyer (D-MD5)	http://www.govtrack.us/congress/members/steny_hoyer/400189	D	Hoyer, Steny (Rep.) [D-MD5]
400190	Rep. Kenny Hulshof (R-MO9, 1997-2009)	http://www.govtrack.us/congress/members/kenny_hulshof/400190	R	Hulshof, Kenny (Rep.) [R-MO9, 1997-2009]
400191	Rep. Duncan Hunter (R-CA52, 1993-2009)	http://www.govtrack.us/congress/members/duncan_hunter/400191	R	Hunter, Duncan (Rep.) [R-CA52, 1993-2009]
400192	Rep. Henry Hyde (R-IL6, 1975-2006)	http://www.govtrack.us/congress/members/henry_hyde/400192	R	Hyde, Henry (Rep.) [R-IL6, 1975-2006]
400193	Rep. Jay Inslee (D-WA1, 1999-2012)	http://www.govtrack.us/congress/members/jay_inslee/400193	D	Inslee, Jay (Rep.) [D-WA1, 1999-2012]
400194	Sen. John "Johnny" Isakson (R-GA)	http://www.govtrack.us/congress/members/john_isakson/400194	R	Isakson, John “Johnny” (Sen.) [R-GA]
400195	Rep. Steve Israel (D-NY3)	http://www.govtrack.us/congress/members/steve_israel/400195	D	Israel, Steve (Rep.) [D-NY3]
400196	Rep. Darrell Issa (R-CA49)	http://www.govtrack.us/congress/members/darrell_issa/400196	R	Issa, Darrell (Rep.) [R-CA49]
400197	Rep. Ernest Istook (R-OK5, 1993-2006)	http://www.govtrack.us/congress/members/ernest_istook/400197	R	Istook, Ernest (Rep.) [R-OK5, 1993-2006]
400198	Rep. Jesse Jackson (D-IL2, 1995-2012)	http://www.govtrack.us/congress/members/jesse_jackson/400198	D	Jackson, Jesse (Rep.) [D-IL2, 1995-2012]
400199	Rep. Sheila Jackson Lee (D-TX18)	http://www.govtrack.us/congress/members/sheila_jackson_lee/400199	D	Jackson Lee, Sheila (Rep.) [D-TX18]
400204	Rep. Eddie Johnson (D-TX30)	http://www.govtrack.us/congress/members/eddie_johnson/400204	D	Johnson, Eddie (Rep.) [D-TX30]
400205	Rep. Nancy Johnson (R-CT5, 2003-2006)	http://www.govtrack.us/congress/members/nancy_johnson/400205	R	Johnson, Nancy (Rep.) [R-CT5, 2003-2006]
400206	Rep. Sam Johnson (R-TX3)	http://www.govtrack.us/congress/members/sam_johnson/400206	R	Johnson, Sam (Rep.) [R-TX3]
400207	Rep. Timothy Johnson (R-IL15, 2001-2013)	http://www.govtrack.us/congress/members/timothy_johnson/400207	R	Johnson, Timothy (Rep.) [R-IL15, 2001-2013]
400208	Rep. Stephanie Jones (D-OH11, 1999-2008)	http://www.govtrack.us/congress/members/stephanie_jones/400208	D	Jones, Stephanie (Rep.) [D-OH11, 1999-2008]
400211	Rep. Marcy Kaptur (D-OH9)	http://www.govtrack.us/congress/members/marcy_kaptur/400211	D	Kaptur, Marcy (Rep.) [D-OH9]
400212	Rep. Ric Keller (R-FL8, 2001-2009)	http://www.govtrack.us/congress/members/ric_keller/400212	R	Keller, Ric (Rep.) [R-FL8, 2001-2009]
400213	Rep. Sue Kelly (R-NY19, 1995-2006)	http://www.govtrack.us/congress/members/sue_kelly/400213	R	Kelly, Sue (Rep.) [R-NY19, 1995-2006]
400214	Rep. Mark Kennedy (R-MN6, 2003-2006)	http://www.govtrack.us/congress/members/mark_kennedy/400214	R	Kennedy, Mark (Rep.) [R-MN6, 2003-2006]
400215	Rep. Patrick Kennedy (D-RI1, 1995-2010)	http://www.govtrack.us/congress/members/patrick_kennedy/400215	D	Kennedy, Patrick (Rep.) [D-RI1, 1995-2010]
400216	Rep. Dale Kildee (D-MI5, 2003-2013)	http://www.govtrack.us/congress/members/dale_kildee/400216	D	Kildee, Dale (Rep.) [D-MI5, 2003-2013]
400217	Rep. Carolyn Kilpatrick (D-MI13, 2003-2010)	http://www.govtrack.us/congress/members/carolyn_kilpatrick/400217	D	Kilpatrick, Carolyn (Rep.) [D-MI13, 2003-2010]
400218	Rep. Ron Kind (D-WI3)	http://www.govtrack.us/congress/members/ron_kind/400218	D	Kind, Ron (Rep.) [D-WI3]
400219	Rep. Peter "Pete" King (R-NY2)	http://www.govtrack.us/congress/members/peter_king/400219	R	King, Peter “Pete” (Rep.) [R-NY2]
400220	Rep. Steve King (R-IA4)	http://www.govtrack.us/congress/members/steve_king/400220	R	King, Steve (Rep.) [R-IA4]
400221	Rep. Jack Kingston (R-GA1)	http://www.govtrack.us/congress/members/jack_kingston/400221	R	Kingston, Jack (Rep.) [R-GA1]
400222	Sen. Mark Kirk (R-IL)	http://www.govtrack.us/congress/members/mark_kirk/400222	R	Kirk, Mark (Sen.) [R-IL]
400224	Rep. John Kline (R-MN2)	http://www.govtrack.us/congress/members/john_kline/400224	R	Kline, John (Rep.) [R-MN2]
400225	Rep. Joseph "Joe" Knollenberg (R-MI9, 2003-2009)	http://www.govtrack.us/congress/members/joseph_knollenberg/400225	R	Knollenberg, Joseph “Joe” (Rep.) [R-MI9, 2003-2009]
400226	Rep. James "Jim" Kolbe (R-AZ8, 2003-2006)	http://www.govtrack.us/congress/members/james_kolbe/400226	R	Kolbe, James “Jim” (Rep.) [R-AZ8, 2003-2006]
400227	Rep. Dennis Kucinich (D-OH10, 1997-2013)	http://www.govtrack.us/congress/members/dennis_kucinich/400227	D	Kucinich, Dennis (Rep.) [D-OH10, 1997-2013]
400229	Rep. Nicholas "Nick" Lampson (D-TX22, 2007-2009)	http://www.govtrack.us/congress/members/nicholas_lampson/400229	D	Lampson, Nicholas “Nick” (Rep.) [D-TX22, 2007-2009]
400231	Rep. Tom Lantos (D-CA12, 1993-2008)	http://www.govtrack.us/congress/members/tom_lantos/400231	D	Lantos, Tom (Rep.) [D-CA12, 1993-2008]
400232	Rep. Rick Larsen (D-WA2)	http://www.govtrack.us/congress/members/rick_larsen/400232	D	Larsen, Rick (Rep.) [D-WA2]
400234	Rep. Tom Latham (R-IA3)	http://www.govtrack.us/congress/members/tom_latham/400234	R	Latham, Tom (Rep.) [R-IA3]
400235	Rep. Steven LaTourette (R-OH14, 2003-2013)	http://www.govtrack.us/congress/members/steven_latourette/400235	R	LaTourette, Steven (Rep.) [R-OH14, 2003-2013]
400236	Rep. James "Jim" Leach (R-IA2, 2003-2006)	http://www.govtrack.us/congress/members/james_leach/400236	R	Leach, James “Jim” (Rep.) [R-IA2, 2003-2006]
400237	Rep. Barbara Lee (D-CA13)	http://www.govtrack.us/congress/members/barbara_lee/400237	D	Lee, Barbara (Rep.) [D-CA13]
400238	Rep. Sander Levin (D-MI9)	http://www.govtrack.us/congress/members/sander_levin/400238	D	Levin, Sander (Rep.) [D-MI9]
400239	Rep. Jerry Lewis (R-CA41, 2003-2013)	http://www.govtrack.us/congress/members/jerry_lewis/400239	R	Lewis, Jerry (Rep.) [R-CA41, 2003-2013]
400240	Rep. John Lewis (D-GA5)	http://www.govtrack.us/congress/members/john_lewis/400240	D	Lewis, John (Rep.) [D-GA5]
400244	Rep. Frank LoBiondo (R-NJ2)	http://www.govtrack.us/congress/members/frank_lobiondo/400244	R	LoBiondo, Frank (Rep.) [R-NJ2]
400245	Rep. Zoe Lofgren (D-CA19)	http://www.govtrack.us/congress/members/zoe_lofgren/400245	D	Lofgren, Zoe (Rep.) [D-CA19]
400246	Rep. Nita Lowey (D-NY17)	http://www.govtrack.us/congress/members/nita_lowey/400246	D	Lowey, Nita (Rep.) [D-NY17]
400248	Rep. Kenneth "Ken" Lucas (D-KY4, 1999-2004)	http://www.govtrack.us/congress/members/kenneth_lucas/400248	D	Lucas, Kenneth “Ken” (Rep.) [D-KY4, 1999-2004]
400251	Rep. Carolyn Maloney (D-NY12)	http://www.govtrack.us/congress/members/carolyn_maloney/400251	D	Maloney, Carolyn (Rep.) [D-NY12]
400253	Rep. Edward "Ed" Markey (D-MA5)	http://www.govtrack.us/congress/members/edward_markey/400253	D	Markey, Edward “Ed” (Rep.) [D-MA5]
400255	Rep. Jim Matheson (D-UT4)	http://www.govtrack.us/congress/members/jim_matheson/400255	D	Matheson, Jim (Rep.) [D-UT4]
400257	Rep. Carolyn McCarthy (D-NY4)	http://www.govtrack.us/congress/members/carolyn_mccarthy/400257	D	McCarthy, Carolyn (Rep.) [D-NY4]
400259	Rep. Betty McCollum (D-MN4)	http://www.govtrack.us/congress/members/betty_mccollum/400259	D	McCollum, Betty (Rep.) [D-MN4]
400260	Rep. Thaddeus "Thad" McCotter (R-MI11, 2003-2012)	http://www.govtrack.us/congress/members/thaddeus_mccotter/400260	R	McCotter, Thaddeus “Thad” (Rep.) [R-MI11, 2003-2012]
400261	Rep. James "Jim" McCrery (R-LA4, 1997-2009)	http://www.govtrack.us/congress/members/james_mccrery/400261	R	McCrery, James “Jim” (Rep.) [R-LA4, 1997-2009]
400262	Rep. Jim McDermott (D-WA7)	http://www.govtrack.us/congress/members/jim_mcdermott/400262	D	McDermott, Jim (Rep.) [D-WA7]
400264	Rep. John McHugh (R-NY23, 2003-2009)	http://www.govtrack.us/congress/members/john_mchugh/400264	R	McHugh, John (Rep.) [R-NY23, 2003-2009]
400265	Rep. Scott McInnis (R-CO3, 1993-2004)	http://www.govtrack.us/congress/members/scott_mcinnis/400265	R	McInnis, Scott (Rep.) [R-CO3, 1993-2004]
400267	Rep. Howard "Buck" McKeon (R-CA25)	http://www.govtrack.us/congress/members/howard_mckeon/400267	R	McKeon, Howard “Buck” (Rep.) [R-CA25]
400269	Rep. Martin "Marty" Meehan (D-MA5, 1993-2007)	http://www.govtrack.us/congress/members/martin_meehan/400269	D	Meehan, Martin “Marty” (Rep.) [D-MA5, 1993-2007]
400270	Rep. Kendrick Meek (D-FL17, 2003-2010)	http://www.govtrack.us/congress/members/kendrick_meek/400270	D	Meek, Kendrick (Rep.) [D-FL17, 2003-2010]
400272	Sen. Robert "Bob" Menéndez (D-NJ)	http://www.govtrack.us/congress/members/robert_menendez/400272	D	Menéndez, Robert “Bob” (Sen.) [D-NJ]
400273	Rep. John Mica (R-FL7)	http://www.govtrack.us/congress/members/john_mica/400273	R	Mica, John (Rep.) [R-FL7]
400274	Rep. Michael Michaud (D-ME2)	http://www.govtrack.us/congress/members/michael_michaud/400274	D	Michaud, Michael (Rep.) [D-ME2]
400275	Rep. Juanita Millender-McDonald (D-CA37, 1995-2007)	http://www.govtrack.us/congress/members/juanita_millender_mcdonald/400275	D	Millender-McDonald, Juanita (Rep.) [D-CA37, 1995-2007]
400276	Rep. Candice Miller (R-MI10)	http://www.govtrack.us/congress/members/candice_miller/400276	R	Miller, Candice (Rep.) [R-MI10]
400277	Rep. Gary Miller (R-CA31)	http://www.govtrack.us/congress/members/gary_miller/400277	R	Miller, Gary (Rep.) [R-CA31]
400278	Rep. George Miller (D-CA11)	http://www.govtrack.us/congress/members/george_miller/400278	D	Miller, George (Rep.) [D-CA11]
400280	Rep. Bradley "Brad" Miller (D-NC13, 2003-2013)	http://www.govtrack.us/congress/members/bradley_miller/400280	D	Miller, Bradley “Brad” (Rep.) [D-NC13, 2003-2013]
400282	Rep. Dennis Moore (D-KS3, 1999-2010)	http://www.govtrack.us/congress/members/dennis_moore/400282	D	Moore, Dennis (Rep.) [D-KS3, 1999-2010]
400283	Rep. James "Jim" Moran (D-VA8)	http://www.govtrack.us/congress/members/james_moran/400283	D	Moran, James “Jim” (Rep.) [D-VA8]
400284	Sen. Jerry Moran (R-KS)	http://www.govtrack.us/congress/members/jerry_moran/400284	R	Moran, Jerry (Sen.) [R-KS]
400285	Rep. Tim Murphy (R-PA18)	http://www.govtrack.us/congress/members/tim_murphy/400285	R	Murphy, Tim (Rep.) [R-PA18]
400288	Rep. Sue Myrick (R-NC9, 1995-2013)	http://www.govtrack.us/congress/members/sue_myrick/400288	R	Myrick, Sue (Rep.) [R-NC9, 1995-2013]
400289	Rep. Jerrold Nadler (D-NY10)	http://www.govtrack.us/congress/members/jerrold_nadler/400289	D	Nadler, Jerrold (Rep.) [D-NY10]
400291	Rep. Richard Neal (D-MA1)	http://www.govtrack.us/congress/members/richard_neal/400291	D	Neal, Richard (Rep.) [D-MA1]
400293	Rep. Robert "Bob" Ney (R-OH18, 1995-2006)	http://www.govtrack.us/congress/members/robert_ney/400293	R	Ney, Robert “Bob” (Rep.) [R-OH18, 1995-2006]
400295	Del. Eleanor Norton (D-DC0)	http://www.govtrack.us/congress/members/eleanor_norton/400295	D	Norton, Eleanor (Del.) [D-DC0]
400296	Rep. Charles "Charlie" Norwood (R-GA10, 2007-2007)	http://www.govtrack.us/congress/members/charles_norwood/400296	R	Norwood, Charles “Charlie” (Rep.) [R-GA10, 2007-2007]
400298	Rep. James "Jim" Nussle (R-IA1, 2003-2006)	http://www.govtrack.us/congress/members/james_nussle/400298	R	Nussle, James “Jim” (Rep.) [R-IA1, 2003-2006]
400300	Rep. David "Dave" Obey (D-WI7, 1969-2010)	http://www.govtrack.us/congress/members/david_obey/400300	D	Obey, David “Dave” (Rep.) [D-WI7, 1969-2010]
400302	Rep. Solomon Ortiz (D-TX27, 1983-2010)	http://www.govtrack.us/congress/members/solomon_ortiz/400302	D	Ortiz, Solomon (Rep.) [D-TX27, 1983-2010]
400304	Rep. Doug Ose (R-CA3, 1999-2004)	http://www.govtrack.us/congress/members/doug_ose/400304	R	Ose, Doug (Rep.) [R-CA3, 1999-2004]
400305	Rep.  "Butch" Otter (R-ID1, 2001-2006)	http://www.govtrack.us/congress/members/otter/400305	R	Otter,  “Butch” (Rep.) [R-ID1, 2001-2006]
400308	Rep. Frank Pallone (D-NJ6)	http://www.govtrack.us/congress/members/frank_pallone/400308	D	Pallone, Frank (Rep.) [D-NJ6]
400309	Rep. Bill Pascrell (D-NJ9)	http://www.govtrack.us/congress/members/bill_pascrell/400309	D	Pascrell, Bill (Rep.) [D-NJ9]
400311	Rep. Ronald "Ron" Paul (R-TX14, 1997-2013)	http://www.govtrack.us/congress/members/ronald_paul/400311	R	Paul, Ronald “Ron” (Rep.) [R-TX14, 1997-2013]
400312	Rep. Donald Payne (D-NJ10, 1989-2012)	http://www.govtrack.us/congress/members/donald_payne/400312	D	Payne, Donald (Rep.) [D-NJ10, 1989-2012]
400313	Rep. Stevan "Steve" Pearce (R-NM2)	http://www.govtrack.us/congress/members/stevan_pearce/400313	R	Pearce, Stevan “Steve” (Rep.) [R-NM2]
400316	Rep. Collin Peterson (D-MN7)	http://www.govtrack.us/congress/members/collin_peterson/400316	D	Peterson, Collin (Rep.) [D-MN7]
400318	Rep. Thomas "Tom" Petri (R-WI6)	http://www.govtrack.us/congress/members/thomas_petri/400318	R	Petri, Thomas “Tom” (Rep.) [R-WI6]
400319	Rep. Charles "Chip" Pickering (R-MS3, 1997-2009)	http://www.govtrack.us/congress/members/charles_pickering/400319	R	Pickering, Charles “Chip” (Rep.) [R-MS3, 1997-2009]
400321	Rep. Todd Platts (R-PA19, 2001-2013)	http://www.govtrack.us/congress/members/todd_platts/400321	R	Platts, Todd (Rep.) [R-PA19, 2001-2013]
400322	Rep. Richard Pombo (R-CA11, 1993-2006)	http://www.govtrack.us/congress/members/richard_pombo/400322	R	Pombo, Richard (Rep.) [R-CA11, 1993-2006]
400323	Rep. Earl Pomeroy (D-ND0, 1993-2010)	http://www.govtrack.us/congress/members/earl_pomeroy/400323	D	Pomeroy, Earl (Rep.) [D-ND0, 1993-2010]
400325	Sen. Robert "Rob" Portman (R-OH)	http://www.govtrack.us/congress/members/robert_portman/400325	R	Portman, Robert “Rob” (Sen.) [R-OH]
400326	Rep. David Price (D-NC4)	http://www.govtrack.us/congress/members/david_price/400326	D	Price, David (Rep.) [D-NC4]
400327	Rep. Deborah Pryce (R-OH15, 1993-2009)	http://www.govtrack.us/congress/members/deborah_pryce/400327	R	Pryce, Deborah (Rep.) [R-OH15, 1993-2009]
400329	Rep. Jack Quinn (R-NY27, 2003-2004)	http://www.govtrack.us/congress/members/jack_quinn/400329	R	Quinn, Jack (Rep.) [R-NY27, 2003-2004]
400331	Rep. Nick Rahall (D-WV3)	http://www.govtrack.us/congress/members/nick_rahall/400331	D	Rahall, Nick (Rep.) [D-WV3]
400332	Rep. James "Jim" Ramstad (R-MN3, 1991-2009)	http://www.govtrack.us/congress/members/james_ramstad/400332	R	Ramstad, James “Jim” (Rep.) [R-MN3, 1991-2009]
400333	Rep. Charles Rangel (D-NY13)	http://www.govtrack.us/congress/members/charles_rangel/400333	D	Rangel, Charles (Rep.) [D-NY13]
400335	Rep. Dennis "Denny" Rehberg (R-MT0, 2001-2013)	http://www.govtrack.us/congress/members/dennis_rehberg/400335	R	Rehberg, Dennis “Denny” (Rep.) [R-MT0, 2001-2013]
400337	Rep. Silvestre Reyes (D-TX16, 1997-2013)	http://www.govtrack.us/congress/members/silvestre_reyes/400337	D	Reyes, Silvestre (Rep.) [D-TX16, 1997-2013]
400338	Rep. Thomas Reynolds (R-NY26, 2003-2009)	http://www.govtrack.us/congress/members/thomas_reynolds/400338	R	Reynolds, Thomas (Rep.) [R-NY26, 2003-2009]
400339	Rep. Ciro Rodriguez (D-TX23, 2007-2010)	http://www.govtrack.us/congress/members/ciro_rodriguez/400339	D	Rodriguez, Ciro (Rep.) [D-TX23, 2007-2010]
400340	Rep. Harold "Hal" Rogers (R-KY5)	http://www.govtrack.us/congress/members/harold_rogers/400340	R	Rogers, Harold “Hal” (Rep.) [R-KY5]
400341	Rep. Mike Rogers (R-AL3)	http://www.govtrack.us/congress/members/mike_rogers/400341	R	Rogers, Mike (Rep.) [R-AL3]
400342	Rep. Mike Rogers (R-MI8)	http://www.govtrack.us/congress/members/mike_rogers/400342	R	Rogers, Mike (Rep.) [R-MI8]
400344	Rep. Ileana Ros-Lehtinen (R-FL27)	http://www.govtrack.us/congress/members/ileana_ros_lehtinen/400344	R	Ros-Lehtinen, Ileana (Rep.) [R-FL27]
400346	Rep. Steven Rothman (D-NJ9, 1997-2013)	http://www.govtrack.us/congress/members/steven_rothman/400346	D	Rothman, Steven (Rep.) [D-NJ9, 1997-2013]
400347	Rep. Lucille Roybal-Allard (D-CA40)	http://www.govtrack.us/congress/members/lucille_roybal_allard/400347	D	Roybal-Allard, Lucille (Rep.) [D-CA40]
400348	Rep. Edward "Ed" Royce (R-CA39)	http://www.govtrack.us/congress/members/edward_royce/400348	R	Royce, Edward “Ed” (Rep.) [R-CA39]
400350	Rep. Bobby Rush (D-IL1)	http://www.govtrack.us/congress/members/bobby_rush/400350	D	Rush, Bobby (Rep.) [D-IL1]
400351	Rep. Paul Ryan (R-WI1)	http://www.govtrack.us/congress/members/paul_ryan/400351	R	Ryan, Paul (Rep.) [R-WI1]
400352	Rep. Tim Ryan (D-OH13)	http://www.govtrack.us/congress/members/tim_ryan/400352	D	Ryan, Tim (Rep.) [D-OH13]
400353	Rep. Jim Ryun (R-KS2, 1995-2006)	http://www.govtrack.us/congress/members/jim_ryun/400353	R	Ryun, Jim (Rep.) [R-KS2, 1995-2006]
400356	Rep. Loretta Sanchez (D-CA46)	http://www.govtrack.us/congress/members/loretta_sanchez/400356	D	Sanchez, Loretta (Rep.) [D-CA46]
400357	Sen. Bernard "Bernie" Sanders (I-VT)	http://www.govtrack.us/congress/members/bernard_sanders/400357	I	Sanders, Bernard “Bernie” (Sen.) [I-VT]
400360	Rep. Janice "Jan" Schakowsky (D-IL9)	http://www.govtrack.us/congress/members/janice_schakowsky/400360	D	Schakowsky, Janice “Jan” (Rep.) [D-IL9]
400361	Rep. Adam Schiff (D-CA28)	http://www.govtrack.us/congress/members/adam_schiff/400361	D	Schiff, Adam (Rep.) [D-CA28]
400362	Rep. Edward "Ed" Schrock (R-VA2, 2001-2004)	http://www.govtrack.us/congress/members/edward_schrock/400362	R	Schrock, Edward “Ed” (Rep.) [R-VA2, 2001-2004]
400364	Rep. Robert "Bobby" Scott (D-VA3)	http://www.govtrack.us/congress/members/robert_scott/400364	D	Scott, Robert “Bobby” (Rep.) [D-VA3]
400365	Rep. James Sensenbrenner (R-WI5)	http://www.govtrack.us/congress/members/james_sensenbrenner/400365	R	Sensenbrenner, James (Rep.) [R-WI5]
400367	Rep. Pete Sessions (R-TX32)	http://www.govtrack.us/congress/members/pete_sessions/400367	R	Sessions, Pete (Rep.) [R-TX32]
400368	Rep. John Shadegg (R-AZ3, 2003-2010)	http://www.govtrack.us/congress/members/john_shadegg/400368	R	Shadegg, John (Rep.) [R-AZ3, 2003-2010]
400370	Rep. Christopher Shays (R-CT4, 1987-2009)	http://www.govtrack.us/congress/members/christopher_shays/400370	R	Shays, Christopher (Rep.) [R-CT4, 1987-2009]
400373	Rep. John Shimkus (R-IL15)	http://www.govtrack.us/congress/members/john_shimkus/400373	R	Shimkus, John (Rep.) [R-IL15]
400374	Rep. Bill "Bud" Shuster (R-PA9, 1973-2001)	http://www.govtrack.us/congress/members/bill_shuster/400374	R	Shuster, Bill “Bud” (Rep.) [R-PA9, 1973-2001]
400375	Rep. Robert "Rob" Simmons (R-CT2, 2001-2006)	http://www.govtrack.us/congress/members/robert_simmons/400375	R	Simmons, Robert “Rob” (Rep.) [R-CT2, 2001-2006]
400377	Rep. Ike Skelton (D-MO4, 1977-2010)	http://www.govtrack.us/congress/members/ike_skelton/400377	D	Skelton, Ike (Rep.) [D-MO4, 1977-2010]
400378	Rep. Louise Slaughter (D-NY25)	http://www.govtrack.us/congress/members/louise_slaughter/400378	D	Slaughter, Louise (Rep.) [D-NY25]
400379	Rep. Adam Smith (D-WA9)	http://www.govtrack.us/congress/members/adam_smith/400379	D	Smith, Adam (Rep.) [D-WA9]
400380	Rep. Christopher "Chris" Smith (R-NJ4)	http://www.govtrack.us/congress/members/christopher_smith/400380	R	Smith, Christopher “Chris” (Rep.) [R-NJ4]
400381	Rep. Lamar Smith (R-TX21)	http://www.govtrack.us/congress/members/lamar_smith/400381	R	Smith, Lamar (Rep.) [R-TX21]
400384	Rep. Hilda Solis (D-CA32, 2003-2009)	http://www.govtrack.us/congress/members/hilda_solis/400384	D	Solis, Hilda (Rep.) [D-CA32, 2003-2009]
400385	Rep. Mark Souder (R-IN3, 2003-2010)	http://www.govtrack.us/congress/members/mark_souder/400385	R	Souder, Mark (Rep.) [R-IN3, 2003-2010]
400387	Rep. Fortney "Pete" Stark (D-CA13, 1993-2013)	http://www.govtrack.us/congress/members/fortney_stark/400387	D	Stark, Fortney “Pete” (Rep.) [D-CA13, 1993-2013]
400388	Rep. Clifford "Cliff" Stearns (R-FL6, 1989-2013)	http://www.govtrack.us/congress/members/clifford_stearns/400388	R	Stearns, Clifford “Cliff” (Rep.) [R-FL6, 1989-2013]
400390	Rep. Ted Strickland (D-OH6, 1997-2006)	http://www.govtrack.us/congress/members/ted_strickland/400390	D	Strickland, Ted (Rep.) [D-OH6, 1997-2006]
400392	Rep. John Sullivan (R-OK1, 2002-2013)	http://www.govtrack.us/congress/members/john_sullivan/400392	R	Sullivan, John (Rep.) [R-OK1, 2002-2013]
400393	Rep. John Sweeney (R-NY20, 2003-2006)	http://www.govtrack.us/congress/members/john_sweeney/400393	R	Sweeney, John (Rep.) [R-NY20, 2003-2006]
400394	Rep. Thomas "Tom" Tancredo (R-CO6, 1999-2009)	http://www.govtrack.us/congress/members/thomas_tancredo/400394	R	Tancredo, Thomas “Tom” (Rep.) [R-CO6, 1999-2009]
400397	Rep. William "Billy" Tauzin (R-LA3, 1979-2004)	http://www.govtrack.us/congress/members/william_tauzin/400397	R	Tauzin, William “Billy” (Rep.) [R-LA3, 1979-2004]
400400	Rep. Lee Terry (R-NE2)	http://www.govtrack.us/congress/members/lee_terry/400400	R	Terry, Lee (Rep.) [R-NE2]
400402	Rep. Bennie Thompson (D-MS2)	http://www.govtrack.us/congress/members/bennie_thompson/400402	D	Thompson, Bennie (Rep.) [D-MS2]
400403	Rep. Mike Thompson (D-CA5)	http://www.govtrack.us/congress/members/mike_thompson/400403	D	Thompson, Mike (Rep.) [D-CA5]
400406	Rep. Patrick "Pat" Tiberi (R-OH12)	http://www.govtrack.us/congress/members/patrick_tiberi/400406	R	Tiberi, Patrick “Pat” (Rep.) [R-OH12]
400407	Rep. John Tierney (D-MA6)	http://www.govtrack.us/congress/members/john_tierney/400407	D	Tierney, John (Rep.) [D-MA6]
400408	Sen. Patrick "Pat" Toomey (R-PA)	http://www.govtrack.us/congress/members/patrick_toomey/400408	R	Toomey, Patrick “Pat” (Sen.) [R-PA]
400409	Rep. Edolphus "Ed" Towns (D-NY10, 1993-2013)	http://www.govtrack.us/congress/members/edolphus_towns/400409	D	Towns, Edolphus “Ed” (Rep.) [D-NY10, 1993-2013]
400410	Rep. James "Jim" Turner (D-TX2, 1997-2004)	http://www.govtrack.us/congress/members/james_turner/400410	D	Turner, James “Jim” (Rep.) [D-TX2, 1997-2004]
400411	Rep. Michael Turner (R-OH10)	http://www.govtrack.us/congress/members/michael_turner/400411	R	Turner, Michael (Rep.) [R-OH10]
400412	Sen. Mark Udall (D-CO)	http://www.govtrack.us/congress/members/mark_udall/400412	D	Udall, Mark (Sen.) [D-CO]
400413	Sen. Tom Udall (D-NM)	http://www.govtrack.us/congress/members/tom_udall/400413	D	Udall, Tom (Sen.) [D-NM]
400414	Rep. Fred Upton (R-MI6)	http://www.govtrack.us/congress/members/fred_upton/400414	R	Upton, Fred (Rep.) [R-MI6]
400415	Rep. Chris Van Hollen (D-MD8)	http://www.govtrack.us/congress/members/chris_van_hollen/400415	D	Van Hollen, Chris (Rep.) [D-MD8]
400416	Rep. Nydia Velázquez (D-NY7)	http://www.govtrack.us/congress/members/nydia_velazquez/400416	D	Velázquez, Nydia (Rep.) [D-NY7]
400418	Sen. David Vitter (R-LA)	http://www.govtrack.us/congress/members/david_vitter/400418	R	Vitter, David (Sen.) [R-LA]
400419	Rep. Greg Walden (R-OR2)	http://www.govtrack.us/congress/members/greg_walden/400419	R	Walden, Greg (Rep.) [R-OR2]
400422	Rep. Maxine Waters (D-CA43)	http://www.govtrack.us/congress/members/maxine_waters/400422	D	Waters, Maxine (Rep.) [D-CA43]
400423	Rep. Diane Watson (D-CA33, 2003-2010)	http://www.govtrack.us/congress/members/diane_watson/400423	D	Watson, Diane (Rep.) [D-CA33, 2003-2010]
400425	Rep. Henry Waxman (D-CA33)	http://www.govtrack.us/congress/members/henry_waxman/400425	D	Waxman, Henry (Rep.) [D-CA33]
400426	Rep. Anthony Weiner (D-NY9, 1999-2011)	http://www.govtrack.us/congress/members/anthony_weiner/400426	D	Weiner, Anthony (Rep.) [D-NY9, 1999-2011]
400427	Rep. David "Dave" Weldon (R-FL15, 1995-2009)	http://www.govtrack.us/congress/members/david_weldon/400427	R	Weldon, David “Dave” (Rep.) [R-FL15, 1995-2009]
400428	Rep. Curtis "Curt" Weldon (R-PA7, 1987-2006)	http://www.govtrack.us/congress/members/curtis_weldon/400428	R	Weldon, Curtis “Curt” (Rep.) [R-PA7, 1987-2006]
400429	Rep. Gerald "Jerry" Weller (R-IL11, 1995-2009)	http://www.govtrack.us/congress/members/gerald_weller/400429	R	Weller, Gerald “Jerry” (Rep.) [R-IL11, 1995-2009]
400431	Rep. Ed Whitfield (R-KY1)	http://www.govtrack.us/congress/members/ed_whitfield/400431	R	Whitfield, Ed (Rep.) [R-KY1]
400432	Sen. Roger Wicker (R-MS)	http://www.govtrack.us/congress/members/roger_wicker/400432	R	Wicker, Roger (Sen.) [R-MS]
400433	Rep. Joe Wilson (R-SC2)	http://www.govtrack.us/congress/members/joe_wilson/400433	R	Wilson, Joe (Rep.) [R-SC2]
400434	Rep. Heather Wilson (R-NM1, 1997-2009)	http://www.govtrack.us/congress/members/heather_wilson/400434	R	Wilson, Heather (Rep.) [R-NM1, 1997-2009]
400435	Rep. Frank Wolf (R-VA10)	http://www.govtrack.us/congress/members/frank_wolf/400435	R	Wolf, Frank (Rep.) [R-VA10]
400436	Rep. Lynn Woolsey (D-CA6, 1993-2013)	http://www.govtrack.us/congress/members/lynn_woolsey/400436	D	Woolsey, Lynn (Rep.) [D-CA6, 1993-2013]
400439	Rep. W. Bill Young (R-FL13)	http://www.govtrack.us/congress/members/w_bill_young/400439	R	Young, W. Bill (Rep.) [R-FL13]
400440	Rep. Don Young (R-AK0)	http://www.govtrack.us/congress/members/don_young/400440	R	Young, Don (Rep.) [R-AK0]
400441	Rep. Randy Neugebauer (R-TX19)	http://www.govtrack.us/congress/members/randy_neugebauer/400441	R	Neugebauer, Randy (Rep.) [R-TX19]
400443	Rep. Stephanie Herseth Sandlin (D-SD0, 2004-2010)	http://www.govtrack.us/congress/members/stephanie_herseth_sandlin/400443	D	Herseth Sandlin, Stephanie (Rep.) [D-SD0, 2004-2010]
400501	Rep. Bob Riley (R-AL3, 1997-2002)	http://www.govtrack.us/congress/members/bob_riley/400501	R	Riley, Bob (Rep.) [R-AL3, 1997-2002]
400508	Rep. James Maloney (D-CT5, 1997-2002)	http://www.govtrack.us/congress/members/james_maloney/400508	D	Maloney, James (Rep.) [D-CT5, 1997-2002]
400509	Rep. Karen Thurman (D-FL5, 1993-2002)	http://www.govtrack.us/congress/members/karen_thurman/400509	D	Thurman, Karen (Rep.) [D-FL5, 1993-2002]
400513	Rep. Cynthia McKinney (D-GA4, 2005-2006)	http://www.govtrack.us/congress/members/cynthia_mckinney/400513	D	McKinney, Cynthia (Rep.) [D-GA4, 2005-2006]
400524	Rep. Constance Morella (R-MD8, 1987-2002)	http://www.govtrack.us/congress/members/constance_morella/400524	R	Morella, Constance (Rep.) [R-MD8, 1987-2002]
400525	Rep. John Baldacci (D-ME2, 1995-2002)	http://www.govtrack.us/congress/members/john_baldacci/400525	D	Baldacci, John (Rep.) [D-ME2, 1995-2002]
400528	Rep. Lynn Rivers (D-MI13, 1995-2002)	http://www.govtrack.us/congress/members/lynn_rivers/400528	D	Rivers, Lynn (Rep.) [D-MI13, 1995-2002]
400536	Rep. Benjamin Gilman (R-NY20, 1993-2002)	http://www.govtrack.us/congress/members/benjamin_gilman/400536	R	Gilman, Benjamin (Rep.) [R-NY20, 1993-2002]
400537	Rep. John LaFalce (D-NY29, 1993-2002)	http://www.govtrack.us/congress/members/john_lafalce/400537	D	LaFalce, John (Rep.) [D-NY29, 1993-2002]
400541	Rep.  Watts (R-OK4, 1995-2002)	http://www.govtrack.us/congress/members/watts/400541	R	Watts,  (Rep.) [R-OK4, 1995-2002]
400544	Rep. George Gekas (R-PA17, 1983-2002)	http://www.govtrack.us/congress/members/george_gekas/400544	R	Gekas, George (Rep.) [R-PA17, 1983-2002]
400551	Rep. Richard Armey (R-TX26, 1985-2002)	http://www.govtrack.us/congress/members/richard_armey/400551	R	Armey, Richard (Rep.) [R-TX26, 1985-2002]
400552	Rep. James Hansen (R-UT1, 1981-2002)	http://www.govtrack.us/congress/members/james_hansen/400552	R	Hansen, James (Rep.) [R-UT1, 1981-2002]
400555	Sen. Spencer Abraham (R-MI, 1995-2000)	http://www.govtrack.us/congress/members/spencer_abraham/400555	R	Abraham, Spencer (Sen.) [R-MI, 1995-2000]
400556	Sen. John Ashcroft (R-MO, 1995-2000)	http://www.govtrack.us/congress/members/john_ashcroft/400556	R	Ashcroft, John (Sen.) [R-MO, 1995-2000]
400558	Sen. Paul Coverdell (R-GA, 1993-2000)	http://www.govtrack.us/congress/members/paul_coverdell/400558	R	Coverdell, Paul (Sen.) [R-GA, 1993-2000]
400559	Sen. Slade Gorton (R-WA, 1989-2000)	http://www.govtrack.us/congress/members/slade_gorton/400559	R	Gorton, Slade (Sen.) [R-WA, 1989-2000]
400561	Sen. Robert Kerrey (D-NE, 1989-2000)	http://www.govtrack.us/congress/members/robert_kerrey/400561	D	Kerrey, Robert (Sen.) [D-NE, 1989-2000]
400562	Sen. Connie Mack (R-FL, 1989-2000)	http://www.govtrack.us/congress/members/connie_mack/400562	R	Mack, Connie (Sen.) [R-FL, 1989-2000]
400563	Sen. Daniel Moynihan (D-NY, 1977-2000)	http://www.govtrack.us/congress/members/daniel_moynihan/400563	D	Moynihan, Daniel (Sen.) [D-NY, 1977-2000]
400564	Sen. Charles Robb (D-VA, 1989-2000)	http://www.govtrack.us/congress/members/charles_robb/400564	D	Robb, Charles (Sen.) [D-VA, 1989-2000]
400565	Sen. William Roth (R-DE, 1971-2000)	http://www.govtrack.us/congress/members/william_roth/400565	R	Roth, William (Sen.) [R-DE, 1971-2000]
400566	Sen. Paul Wellstone (D-MN, 1991-2002)	http://www.govtrack.us/congress/members/paul_wellstone/400566	D	Wellstone, Paul (Sen.) [D-MN, 1991-2002]
400567	Rep. Bill Archer (R-TX7, 1971-2000)	http://www.govtrack.us/congress/members/bill_archer/400567	R	Archer, Bill (Rep.) [R-TX7, 1971-2000]
400568	Rep. Bill Barrett (R-NE3, 1991-2000)	http://www.govtrack.us/congress/members/bill_barrett/400568	R	Barrett, Bill (Rep.) [R-NE3, 1991-2000]
400570	Rep. Brian Bilbray (R-CA50, 2006-2013)	http://www.govtrack.us/congress/members/brian_bilbray/400570	R	Bilbray, Brian (Rep.) [R-CA50, 2006-2013]
400572	Rep. George Brown (D-CA42, 1993-2000)	http://www.govtrack.us/congress/members/george_brown/400572	D	Brown, George (Rep.) [D-CA42, 1993-2000]
400576	Sen. Thomas Coburn (R-OK)	http://www.govtrack.us/congress/members/thomas_coburn/400576	R	Coburn, Thomas (Sen.) [R-OK]
400577	Rep. Merrill Cook (R-UT2, 1997-2000)	http://www.govtrack.us/congress/members/merrill_cook/400577	R	Cook, Merrill (Rep.) [R-UT2, 1997-2000]
400586	Rep. William Goodling (R-PA19, 1975-2000)	http://www.govtrack.us/congress/members/william_goodling/400586	R	Goodling, William (Rep.) [R-PA19, 1975-2000]
400590	Rep. John Kasich (R-OH12, 1983-2000)	http://www.govtrack.us/congress/members/john_kasich/400590	R	Kasich, John (Rep.) [R-OH12, 1983-2000]
400594	Rep. Rick Lazio (R-NY2, 1993-2000)	http://www.govtrack.us/congress/members/rick_lazio/400594	R	Lazio, Rick (Rep.) [R-NY2, 1993-2000]
400596	Rep. Bill McCollum (R-FL8, 1993-2000)	http://www.govtrack.us/congress/members/bill_mccollum/400596	R	McCollum, Bill (Rep.) [R-FL8, 1993-2000]
400605	Rep. James Rogan (R-CA27, 1997-2000)	http://www.govtrack.us/congress/members/james_rogan/400605	R	Rogan, James (Rep.) [R-CA27, 1997-2000]
400606	Rep. Matt Salmon (R-AZ5)	http://www.govtrack.us/congress/members/matt_salmon/400606	R	Salmon, Matt (Rep.) [R-AZ5]
400610	Rep. Floyd Spence (R-SC2, 1971-2001)	http://www.govtrack.us/congress/members/floyd_spence/400610	R	Spence, Floyd (Rep.) [R-SC2, 1971-2001]
400616	Rep. George "G.K." Butterfield (D-NC1)	http://www.govtrack.us/congress/members/george_butterfield/400616	D	Butterfield, George “G.K.” (Rep.) [D-NC1]
400617	Rep. Daniel Lungren (R-CA3, 2005-2013)	http://www.govtrack.us/congress/members/daniel_lungren/400617	R	Lungren, Daniel (Rep.) [R-CA3, 2005-2013]
400618	Rep. Jim Costa (D-CA16)	http://www.govtrack.us/congress/members/jim_costa/400618	D	Costa, Jim (Rep.) [D-CA16]
400619	Sen. Ken Salazar (D-CO, 2005-2009)	http://www.govtrack.us/congress/members/ken_salazar/400619	D	Salazar, Ken (Sen.) [D-CO, 2005-2009]
400621	Sen. Mel Martinez (R-FL, 2005-2009)	http://www.govtrack.us/congress/members/mel_martinez/400621	R	Martinez, Mel (Sen.) [R-FL, 2005-2009]
400622	Rep. Connie Mack (R-FL14, 2005-2013)	http://www.govtrack.us/congress/members/connie_mack/400622	R	Mack, Connie (Rep.) [R-FL14, 2005-2013]
400623	Rep. Debbie Wasserman Schultz (D-FL23)	http://www.govtrack.us/congress/members/debbie_wasserman_schultz/400623	D	Wasserman Schultz, Debbie (Rep.) [D-FL23]
400626	Rep. Tom Price (R-GA6)	http://www.govtrack.us/congress/members/tom_price/400626	R	Price, Tom (Rep.) [R-GA6]
400628	Rep. John Barrow (D-GA12)	http://www.govtrack.us/congress/members/john_barrow/400628	D	Barrow, John (Rep.) [D-GA12]
400629	President Barack Obama (D)	http://www.govtrack.us/congress/members/barack_obama/400629	D	Obama, Barack (President) [D]
400630	Rep. Daniel Lipinski (D-IL3)	http://www.govtrack.us/congress/members/daniel_lipinski/400630	D	Lipinski, Daniel (Rep.) [D-IL3]
400631	Rep. Melissa Bean (D-IL8, 2005-2010)	http://www.govtrack.us/congress/members/melissa_bean/400631	D	Bean, Melissa (Rep.) [D-IL8, 2005-2010]
400633	Rep. Geoff Davis (R-KY4, 2005-2012)	http://www.govtrack.us/congress/members/geoff_davis/400633	R	Davis, Geoff (Rep.) [R-KY4, 2005-2012]
400636	Rep. Charles Boustany (R-LA3)	http://www.govtrack.us/congress/members/charles_boustany/400636	R	Boustany, Charles (Rep.) [R-LA3]
400638	Rep. Russ Carnahan (D-MO3, 2005-2013)	http://www.govtrack.us/congress/members/russ_carnahan/400638	D	Carnahan, Russ (Rep.) [D-MO3, 2005-2013]
400639	Rep. Emanuel Cleaver (D-MO5)	http://www.govtrack.us/congress/members/emanuel_cleaver/400639	D	Cleaver, Emanuel (Rep.) [D-MO5]
400640	Rep. Jeff Fortenberry (R-NE1)	http://www.govtrack.us/congress/members/jeff_fortenberry/400640	R	Fortenberry, Jeff (Rep.) [R-NE1]
400641	Rep. Brian Higgins (D-NY26)	http://www.govtrack.us/congress/members/brian_higgins/400641	D	Higgins, Brian (Rep.) [D-NY26]
400642	Rep. John "Randy" Kuhl (R-NY29, 2005-2009)	http://www.govtrack.us/congress/members/john_kuhl/400642	R	Kuhl, John “Randy” (Rep.) [R-NY29, 2005-2009]
400643	Rep. Virginia Foxx (R-NC5)	http://www.govtrack.us/congress/members/virginia_foxx/400643	R	Foxx, Virginia (Rep.) [R-NC5]
400644	Rep. Patrick McHenry (R-NC10)	http://www.govtrack.us/congress/members/patrick_mchenry/400644	R	McHenry, Patrick (Rep.) [R-NC10]
400645	Rep. Dan Boren (D-OK2, 2005-2013)	http://www.govtrack.us/congress/members/dan_boren/400645	D	Boren, Dan (Rep.) [D-OK2, 2005-2013]
400646	Rep. Michael Fitzpatrick (R-PA8)	http://www.govtrack.us/congress/members/michael_fitzpatrick/400646	R	Fitzpatrick, Michael (Rep.) [R-PA8]
400648	Rep. Charles Dent (R-PA15)	http://www.govtrack.us/congress/members/charles_dent/400648	R	Dent, Charles (Rep.) [R-PA15]
400651	Rep. Louie Gohmert (R-TX1)	http://www.govtrack.us/congress/members/louie_gohmert/400651	R	Gohmert, Louie (Rep.) [R-TX1]
400652	Rep. Ted Poe (R-TX2)	http://www.govtrack.us/congress/members/ted_poe/400652	R	Poe, Ted (Rep.) [R-TX2]
400653	Rep. Al Green (D-TX9)	http://www.govtrack.us/congress/members/al_green/400653	D	Green, Al (Rep.) [D-TX9]
400655	Rep. Michael Conaway (R-TX11)	http://www.govtrack.us/congress/members/michael_conaway/400655	R	Conaway, Michael (Rep.) [R-TX11]
400657	Rep. Henry Cuellar (D-TX28)	http://www.govtrack.us/congress/members/henry_cuellar/400657	D	Cuellar, Henry (Rep.) [D-TX28]
400659	Rep. Cathy McMorris Rodgers (R-WA5)	http://www.govtrack.us/congress/members/cathy_mcmorris_rodgers/400659	R	McMorris Rodgers, Cathy (Rep.) [R-WA5]
400660	Rep. David Reichert (R-WA8)	http://www.govtrack.us/congress/members/david_reichert/400660	R	Reichert, David (Rep.) [R-WA8]
400661	Rep. Gwen Moore (D-WI4)	http://www.govtrack.us/congress/members/gwen_moore/400661	D	Moore, Gwen (Rep.) [D-WI4]
400663	Rep. Doris Matsui (D-CA6)	http://www.govtrack.us/congress/members/doris_matsui/400663	D	Matsui, Doris (Rep.) [D-CA6]
401033	Rep. Henry "Scotty" Baesler (D-KY6, 1993-1998)	http://www.govtrack.us/congress/members/henry_baesler/401033	D	Baesler, Henry “Scotty” (Rep.) [D-KY6, 1993-1998]
401266	Sen. John Beall (R-MD, 1971-1976)	http://www.govtrack.us/congress/members/john_beall/401266	R	Beall, John (Sen.) [R-MD, 1971-1976]
401363	Rep. Charles Bennett (D-FL3, 1967-1992)	http://www.govtrack.us/congress/members/charles_bennett/401363	D	Bennett, Charles (Rep.) [D-FL3, 1967-1992]
401628	Rep. Eldon Boulter (R-TX13, 1985-1988)	http://www.govtrack.us/congress/members/eldon_boulter/401628	R	Boulter, Eldon (Rep.) [R-TX13, 1985-1988]
402412	Sen. John Chafee (R-RI, 1976-1999)	http://www.govtrack.us/congress/members/john_chafee/402412	R	Chafee, John (Sen.) [R-RI, 1976-1999]
402675	Sen. Daniel Coats (R-IN)	http://www.govtrack.us/congress/members/daniel_coats/402675	R	Coats, Daniel (Sen.) [R-IN]
402747	Rep. Earl Coleman (R-MO6, 1975-1992)	http://www.govtrack.us/congress/members/earl_coleman/402747	R	Coleman, Earl (Rep.) [R-MO6, 1975-1992]
402990	Sen. Alan Cranston (D-CA, 1969-1992)	http://www.govtrack.us/congress/members/alan_cranston/402990	D	Cranston, Alan (Sen.) [D-CA, 1969-1992]
403346	Sen. Dennis DeConcini (D-AZ, 1977-1994)	http://www.govtrack.us/congress/members/dennis_deconcini/403346	D	DeConcini, Dennis (Sen.) [D-AZ, 1977-1994]
403891	Rep. John Erlenborn (R-IL13, 1983-1984)	http://www.govtrack.us/congress/members/john_erlenborn/403891	R	Erlenborn, John (Rep.) [R-IL13, 1983-1984]
404002	Rep. Dante Fascell (D-FL19, 1983-1992)	http://www.govtrack.us/congress/members/dante_fascell/404002	D	Fascell, Dante (Rep.) [D-FL19, 1983-1992]
404036	Rep. Millicent Fenwick (R-NJ5, 1975-1982)	http://www.govtrack.us/congress/members/millicent_fenwick/404036	R	Fenwick, Millicent (Rep.) [R-NJ5, 1975-1982]
404219	Sen. Wendell Ford (D-KY, 1974-1998)	http://www.govtrack.us/congress/members/wendell_ford/404219	D	Ford, Wendell (Sen.) [D-KY, 1974-1998]
404752	Rep. William Gray (D-PA2, 1979-1991)	http://www.govtrack.us/congress/members/william_gray/404752	D	Gray, William (Rep.) [D-PA2, 1979-1991]
405053	Rep. George Hansen (R-ID2, 1975-1984)	http://www.govtrack.us/congress/members/george_hansen/405053	R	Hansen, George (Rep.) [R-ID2, 1975-1984]
405236	Rep. Augustus "Gus" Hawkins (D-CA29, 1975-1990)	http://www.govtrack.us/congress/members/augustus_hawkins/405236	D	Hawkins, Augustus “Gus” (Rep.) [D-CA29, 1975-1990]
405377	Rep. Paul Henry (R-MI3, 1993-1993)	http://www.govtrack.us/congress/members/paul_henry/405377	R	Henry, Paul (Rep.) [R-MI3, 1993-1993]
406256	Sen. Dirk Kempthorne (R-ID, 1993-1998)	http://www.govtrack.us/congress/members/dirk_kempthorne/406256	R	Kempthorne, Dirk (Sen.) [R-ID, 1993-1998]
406284	Rep. Barbara Kennelly (D-CT1, 1981-1998)	http://www.govtrack.us/congress/members/barbara_kennelly/406284	D	Kennelly, Barbara (Rep.) [D-CT1, 1981-1998]
407663	Sen. Howard Metzenbaum (D-OH, 1976-1994)	http://www.govtrack.us/congress/members/howard_metzenbaum/407663	D	Metzenbaum, Howard (Sen.) [D-OH, 1976-1994]
408103	Rep. William Natcher (D-KY2, 1961-1994)	http://www.govtrack.us/congress/members/william_natcher/408103	D	Natcher, William (Rep.) [D-KY2, 1961-1994]
408420	Sen. Robert Packwood (R-OR, 1969-1995)	http://www.govtrack.us/congress/members/robert_packwood/408420	R	Packwood, Robert (Sen.) [R-OR, 1969-1995]
408597	Sen. Claiborne Pell (D-RI, 1961-1996)	http://www.govtrack.us/congress/members/claiborne_pell/408597	D	Pell, Claiborne (Sen.) [D-RI, 1961-1996]
408898	Sen. Larry Pressler (R-SD, 1979-1996)	http://www.govtrack.us/congress/members/larry_pressler/408898	R	Pressler, Larry (Sen.) [R-SD, 1979-1996]
408939	Sen. David Pryor (D-AR, 1979-1996)	http://www.govtrack.us/congress/members/david_pryor/408939	D	Pryor, David (Sen.) [D-AR, 1979-1996]
409228	Rep. Frank Riggs (R-CA1, 1995-1998)	http://www.govtrack.us/congress/members/frank_riggs/409228	R	Riggs, Frank (Rep.) [R-CA1, 1995-1998]
409446	Rep. Edward Roybal (D-CA25, 1975-1992)	http://www.govtrack.us/congress/members/edward_roybal/409446	D	Roybal, Edward (Rep.) [D-CA25, 1975-1992]
409829	Rep. Karen Shepherd (D-UT2, 1993-1994)	http://www.govtrack.us/congress/members/karen_shepherd/409829	D	Shepherd, Karen (Rep.) [D-UT2, 1993-1994]
409888	Rep. Bill Shuster (R-PA9)	http://www.govtrack.us/congress/members/bill_shuster/409888	R	Shuster, Bill (Rep.) [R-PA9]
409966	Rep. James Slattery (D-KS2, 1983-1994)	http://www.govtrack.us/congress/members/james_slattery/409966	D	Slattery, James (Rep.) [D-KS2, 1983-1994]
410588	Sen. Steven Symms (R-ID, 1981-1992)	http://www.govtrack.us/congress/members/steven_symms/410588	R	Symms, Steven (Sen.) [R-ID, 1981-1992]
411065	Rep. Itimous "Tim" Valentine (D-NC2, 1983-1994)	http://www.govtrack.us/congress/members/itimous_valentine/411065	D	Valentine, Itimous “Tim” (Rep.) [D-NC2, 1983-1994]
411801	Sen. Timothy Wirth (D-CO, 1987-1992)	http://www.govtrack.us/congress/members/timothy_wirth/411801	D	Wirth, Timothy (Sen.) [D-CO, 1987-1992]
412186	Rep. Albio Sires (D-NJ8)	http://www.govtrack.us/congress/members/albio_sires/412186	D	Sires, Albio (Rep.) [D-NJ8]
412188	Rep. Gabrielle Giffords (D-AZ8, 2007-2012)	http://www.govtrack.us/congress/members/gabrielle_giffords/412188	D	Giffords, Gabrielle (Rep.) [D-AZ8, 2007-2012]
412189	Rep. Jerry McNerney (D-CA9)	http://www.govtrack.us/congress/members/jerry_mcnerney/412189	D	McNerney, Jerry (Rep.) [D-CA9]
412190	Rep. Kevin McCarthy (R-CA23)	http://www.govtrack.us/congress/members/kevin_mccarthy/412190	R	McCarthy, Kevin (Rep.) [R-CA23]
412191	Rep. Doug Lamborn (R-CO5)	http://www.govtrack.us/congress/members/doug_lamborn/412191	R	Lamborn, Doug (Rep.) [R-CO5]
412192	Rep. Ed Perlmutter (D-CO7)	http://www.govtrack.us/congress/members/ed_perlmutter/412192	D	Perlmutter, Ed (Rep.) [D-CO7]
412193	Rep. Joe Courtney (D-CT2)	http://www.govtrack.us/congress/members/joe_courtney/412193	D	Courtney, Joe (Rep.) [D-CT2]
412194	Sen. Christopher Murphy (D-CT)	http://www.govtrack.us/congress/members/christopher_murphy/412194	D	Murphy, Christopher (Sen.) [D-CT]
412199	Rep. Henry "Hank" Johnson (D-GA4)	http://www.govtrack.us/congress/members/henry_johnson/412199	D	Johnson, Henry “Hank” (Rep.) [D-GA4]
412200	Sen. Mazie Hirono (D-HI)	http://www.govtrack.us/congress/members/mazie_hirono/412200	D	Hirono, Mazie (Sen.) [D-HI]
412201	Rep. Bill Sali (R-ID1, 2007-2009)	http://www.govtrack.us/congress/members/bill_sali/412201	R	Sali, Bill (Rep.) [R-ID1, 2007-2009]
412202	Rep. Peter Roskam (R-IL6)	http://www.govtrack.us/congress/members/peter_roskam/412202	R	Roskam, Peter (Rep.) [R-IL6]
412204	Rep. Phil Hare (D-IL17, 2007-2010)	http://www.govtrack.us/congress/members/phil_hare/412204	D	Hare, Phil (Rep.) [D-IL17, 2007-2010]
412205	Sen. Joe Donnelly (D-IN)	http://www.govtrack.us/congress/members/joe_donnelly/412205	D	Donnelly, Joe (Sen.) [D-IN]
412208	Rep. Bruce Braley (D-IA1)	http://www.govtrack.us/congress/members/bruce_braley/412208	D	Braley, Bruce (Rep.) [D-IA1]
412209	Rep. David Loebsack (D-IA2)	http://www.govtrack.us/congress/members/david_loebsack/412209	D	Loebsack, David (Rep.) [D-IA2]
412211	Rep. John Yarmuth (D-KY3)	http://www.govtrack.us/congress/members/john_yarmuth/412211	D	Yarmuth, John (Rep.) [D-KY3]
412212	Rep. John Sarbanes (D-MD3)	http://www.govtrack.us/congress/members/john_sarbanes/412212	D	Sarbanes, John (Rep.) [D-MD3]
412214	Rep. Timothy Walz (D-MN1)	http://www.govtrack.us/congress/members/timothy_walz/412214	D	Walz, Timothy (Rep.) [D-MN1]
412215	Rep. Keith Ellison (D-MN5)	http://www.govtrack.us/congress/members/keith_ellison/412215	D	Ellison, Keith (Rep.) [D-MN5]
412216	Rep. Michele Bachmann (R-MN6)	http://www.govtrack.us/congress/members/michele_bachmann/412216	R	Bachmann, Michele (Rep.) [R-MN6]
412218	Sen. Dean Heller (R-NV)	http://www.govtrack.us/congress/members/dean_heller/412218	R	Heller, Dean (Sen.) [R-NV]
412220	Rep. Paul Hodes (D-NH2, 2007-2010)	http://www.govtrack.us/congress/members/paul_hodes/412220	D	Hodes, Paul (Rep.) [D-NH2, 2007-2010]
412221	Rep. Yvette Clarke (D-NY9)	http://www.govtrack.us/congress/members/yvette_clarke/412221	D	Clarke, Yvette (Rep.) [D-NY9]
412222	Rep. John Hall (D-NY19, 2007-2010)	http://www.govtrack.us/congress/members/john_hall/412222	D	Hall, John (Rep.) [D-NY19, 2007-2010]
412223	Sen. Kirsten Gillibrand (D-NY)	http://www.govtrack.us/congress/members/kirsten_gillibrand/412223	D	Gillibrand, Kirsten (Sen.) [D-NY]
412225	Rep. Heath Shuler (D-NC11, 2007-2013)	http://www.govtrack.us/congress/members/heath_shuler/412225	D	Shuler, Heath (Rep.) [D-NC11, 2007-2013]
412226	Rep. Jim Jordan (R-OH4)	http://www.govtrack.us/congress/members/jim_jordan/412226	R	Jordan, Jim (Rep.) [R-OH4]
412228	Rep. Betty Sutton (D-OH13, 2007-2013)	http://www.govtrack.us/congress/members/betty_sutton/412228	D	Sutton, Betty (Rep.) [D-OH13, 2007-2013]
412229	Rep. Zachary "Zack" Space (D-OH18, 2007-2010)	http://www.govtrack.us/congress/members/zachary_space/412229	D	Space, Zachary “Zack” (Rep.) [D-OH18, 2007-2010]
412231	Rep. Jason Altmire (D-PA4, 2007-2013)	http://www.govtrack.us/congress/members/jason_altmire/412231	D	Altmire, Jason (Rep.) [D-PA4, 2007-2013]
412233	Rep. Patrick Murphy (D-PA8, 2007-2010)	http://www.govtrack.us/congress/members/patrick_murphy/412233	D	Murphy, Patrick (Rep.) [D-PA8, 2007-2010]
412236	Rep. Steve Cohen (D-TN9)	http://www.govtrack.us/congress/members/steve_cohen/412236	D	Cohen, Steve (Rep.) [D-TN9]
412239	Rep. Peter Welch (D-VT0)	http://www.govtrack.us/congress/members/peter_welch/412239	D	Welch, Peter (Rep.) [D-VT0]
412240	Rep. Steve Kagen (D-WI8, 2007-2010)	http://www.govtrack.us/congress/members/steve_kagen/412240	D	Kagen, Steve (Rep.) [D-WI8, 2007-2010]
412242	Sen. Amy Klobuchar (D-MN)	http://www.govtrack.us/congress/members/amy_klobuchar/412242	D	Klobuchar, Amy (Sen.) [D-MN]
412243	Sen. Claire McCaskill (D-MO)	http://www.govtrack.us/congress/members/claire_mccaskill/412243	D	McCaskill, Claire (Sen.) [D-MO]
412244	Sen. Jon Tester (D-MT)	http://www.govtrack.us/congress/members/jon_tester/412244	D	Tester, Jon (Sen.) [D-MT]
412246	Sen. Robert "Bob" Casey (D-PA)	http://www.govtrack.us/congress/members/robert_casey/412246	D	Casey, Robert “Bob” (Sen.) [D-PA]
412247	Sen. Sheldon Whitehouse (D-RI)	http://www.govtrack.us/congress/members/sheldon_whitehouse/412247	D	Whitehouse, Sheldon (Sen.) [D-RI]
412248	Sen. Bob Corker (R-TN)	http://www.govtrack.us/congress/members/bob_corker/412248	R	Corker, Bob (Sen.) [R-TN]
412250	Rep. Gus Bilirakis (R-FL12)	http://www.govtrack.us/congress/members/gus_bilirakis/412250	R	Bilirakis, Gus (Rep.) [R-FL12]
412251	Sen. John Barrasso (R-WY)	http://www.govtrack.us/congress/members/john_barrasso/412251	R	Barrasso, John (Sen.) [R-WY]
412252	Rep. Paul Broun (R-GA10)	http://www.govtrack.us/congress/members/paul_broun/412252	R	Broun, Paul (Rep.) [R-GA10]
412253	Rep. Laura Richardson (D-CA37, 2007-2013)	http://www.govtrack.us/congress/members/laura_richardson/412253	D	Richardson, Laura (Rep.) [D-CA37, 2007-2013]
412254	Rep. Niki Tsongas (D-MA3)	http://www.govtrack.us/congress/members/niki_tsongas/412254	D	Tsongas, Niki (Rep.) [D-MA3]
412256	Rep. Robert Latta (R-OH5)	http://www.govtrack.us/congress/members/robert_latta/412256	R	Latta, Robert (Rep.) [R-OH5]
412257	Rep. Bill Foster (D-IL11)	http://www.govtrack.us/congress/members/bill_foster/412257	D	Foster, Bill (Rep.) [D-IL11]
412259	Rep. Jackie Speier (D-CA14)	http://www.govtrack.us/congress/members/jackie_speier/412259	D	Speier, Jackie (Rep.) [D-CA14]
412261	Rep. Steve Scalise (R-LA1)	http://www.govtrack.us/congress/members/steve_scalise/412261	R	Scalise, Steve (Rep.) [R-LA1]
412263	Rep. Donna Edwards (D-MD4)	http://www.govtrack.us/congress/members/donna_edwards/412263	D	Edwards, Donna (Rep.) [D-MD4]
412266	Rep. John Boccieri (D-OH16, 2009-2010)	http://www.govtrack.us/congress/members/john_boccieri/412266	D	Boccieri, John (Rep.) [D-OH16, 2009-2010]
412270	Rep. Jason Chaffetz (R-UT3)	http://www.govtrack.us/congress/members/jason_chaffetz/412270	R	Chaffetz, Jason (Rep.) [R-UT3]
412271	Rep. Mike Coffman (R-CO6)	http://www.govtrack.us/congress/members/mike_coffman/412271	R	Coffman, Mike (Rep.) [R-CO6]
412272	Rep. Gerald Connolly (D-VA11)	http://www.govtrack.us/congress/members/gerald_connolly/412272	D	Connolly, Gerald (Rep.) [D-VA11]
412274	Rep. Steve Driehaus (D-OH1, 2009-2010)	http://www.govtrack.us/congress/members/steve_driehaus/412274	D	Driehaus, Steve (Rep.) [D-OH1, 2009-2010]
412275	Rep. John Fleming (R-LA4)	http://www.govtrack.us/congress/members/john_fleming/412275	R	Fleming, John (Rep.) [R-LA4]
412279	Rep. Deborah Halvorson (D-IL11, 2009-2010)	http://www.govtrack.us/congress/members/deborah_halvorson/412279	D	Halvorson, Deborah (Rep.) [D-IL11, 2009-2010]
412281	Sen. Martin Heinrich (D-NM)	http://www.govtrack.us/congress/members/martin_heinrich/412281	D	Heinrich, Martin (Sen.) [D-NM]
412285	Rep. Mary Jo Kilroy (D-OH15, 2009-2010)	http://www.govtrack.us/congress/members/mary_jo_kilroy/412285	D	Kilroy, Mary Jo (Rep.) [D-OH15, 2009-2010]
412289	Rep. Frank Kratovil (D-MD1, 2009-2010)	http://www.govtrack.us/congress/members/frank_kratovil/412289	D	Kratovil, Frank (Rep.) [D-MD1, 2009-2010]
412290	Rep. Leonard Lance (R-NJ7)	http://www.govtrack.us/congress/members/leonard_lance/412290	R	Lance, Leonard (Rep.) [R-NJ7]
412291	Rep. Christopher Lee (R-NY26, 2009-2011)	http://www.govtrack.us/congress/members/christopher_lee/412291	R	Lee, Christopher (Rep.) [R-NY26, 2009-2011]
412292	Rep. Blaine Luetkemeyer (R-MO3)	http://www.govtrack.us/congress/members/blaine_luetkemeyer/412292	R	Luetkemeyer, Blaine (Rep.) [R-MO3]
412293	Rep. Ben Luján (D-NM3)	http://www.govtrack.us/congress/members/ben_lujan/412293	D	Luján, Ben (Rep.) [D-NM3]
412294	Rep. Cynthia Lummis (R-WY0)	http://www.govtrack.us/congress/members/cynthia_lummis/412294	R	Lummis, Cynthia (Rep.) [R-WY0]
412295	Rep. Tom McClintock (R-CA4)	http://www.govtrack.us/congress/members/tom_mcclintock/412295	R	McClintock, Tom (Rep.) [R-CA4]
412297	Rep. Daniel Maffei (D-NY24)	http://www.govtrack.us/congress/members/daniel_maffei/412297	D	Maffei, Daniel (Rep.) [D-NY24]
412300	Rep. Walter Minnick (D-ID1, 2009-2010)	http://www.govtrack.us/congress/members/walter_minnick/412300	D	Minnick, Walter (Rep.) [D-ID1, 2009-2010]
412301	Rep. Glenn Nye (D-VA2, 2009-2010)	http://www.govtrack.us/congress/members/glenn_nye/412301	D	Nye, Glenn (Rep.) [D-VA2, 2009-2010]
412302	Rep. Pete Olson (R-TX22)	http://www.govtrack.us/congress/members/pete_olson/412302	R	Olson, Pete (Rep.) [R-TX22]
412303	Rep. Erik Paulsen (R-MN3)	http://www.govtrack.us/congress/members/erik_paulsen/412303	R	Paulsen, Erik (Rep.) [R-MN3]
412304	Rep. Thomas Perriello (D-VA5, 2009-2010)	http://www.govtrack.us/congress/members/thomas_perriello/412304	D	Perriello, Thomas (Rep.) [D-VA5, 2009-2010]
412305	Rep. Gary Peters (D-MI14)	http://www.govtrack.us/congress/members/gary_peters/412305	D	Peters, Gary (Rep.) [D-MI14]
412307	Rep. Chellie Pingree (D-ME1)	http://www.govtrack.us/congress/members/chellie_pingree/412307	D	Pingree, Chellie (Rep.) [D-ME1]
412308	Rep. Jared Polis (D-CO2)	http://www.govtrack.us/congress/members/jared_polis/412308	D	Polis, Jared (Rep.) [D-CO2]
412309	Rep. Bill Posey (R-FL8)	http://www.govtrack.us/congress/members/bill_posey/412309	R	Posey, Bill (Rep.) [R-FL8]
412311	Rep. Thomas Rooney (R-FL17)	http://www.govtrack.us/congress/members/thomas_rooney/412311	R	Rooney, Thomas (Rep.) [R-FL17]
412312	Del. Gregorio Sablan (D-MP0)	http://www.govtrack.us/congress/members/gregorio_sablan/412312	D	Sablan, Gregorio (Del.) [D-MP0]
412313	Rep. Mark Schauer (D-MI7, 2009-2010)	http://www.govtrack.us/congress/members/mark_schauer/412313	D	Schauer, Mark (Rep.) [D-MI7, 2009-2010]
412314	Rep. Aaron Schock (R-IL18)	http://www.govtrack.us/congress/members/aaron_schock/412314	R	Schock, Aaron (Rep.) [R-IL18]
412317	Rep. Glenn Thompson (R-PA5)	http://www.govtrack.us/congress/members/glenn_thompson/412317	R	Thompson, Glenn (Rep.) [R-PA5]
412319	Rep. Paul Tonko (D-NY20)	http://www.govtrack.us/congress/members/paul_tonko/412319	D	Tonko, Paul (Rep.) [D-NY20]
412320	Sen. Mike Johanns (R-NE)	http://www.govtrack.us/congress/members/mike_johanns/412320	R	Johanns, Mike (Sen.) [R-NE]
412321	Sen. Mark Warner (D-VA)	http://www.govtrack.us/congress/members/mark_warner/412321	D	Warner, Mark (Sen.) [D-VA]
412323	Sen. Jeanne Shaheen (D-NH)	http://www.govtrack.us/congress/members/jeanne_shaheen/412323	D	Shaheen, Jeanne (Sen.) [D-NH]
412324	Sen. Kay Hagan (D-NC)	http://www.govtrack.us/congress/members/kay_hagan/412324	D	Hagan, Kay (Sen.) [D-NC]
412325	Sen. Jeff Merkley (D-OR)	http://www.govtrack.us/congress/members/jeff_merkley/412325	D	Merkley, Jeff (Sen.) [D-OR]
412326	Sen. Mark Begich (D-AK)	http://www.govtrack.us/congress/members/mark_begich/412326	D	Begich, Mark (Sen.) [D-AK]
412327	Rep. Marcia Fudge (D-OH11)	http://www.govtrack.us/congress/members/marcia_fudge/412327	D	Fudge, Marcia (Rep.) [D-OH11]
412330	Sen. Michael Bennet (D-CO)	http://www.govtrack.us/congress/members/michael_bennet/412330	D	Bennet, Michael (Sen.) [D-CO]
412331	Rep. Mike Quigley (D-IL5)	http://www.govtrack.us/congress/members/mike_quigley/412331	D	Quigley, Mike (Rep.) [D-IL5]
412378	Sen. Alan "Al" Franken (D-MN)	http://www.govtrack.us/congress/members/alan_franken/412378	D	Franken, Alan “Al” (Sen.) [D-MN]
412379	Rep. Judy Chu (D-CA27)	http://www.govtrack.us/congress/members/judy_chu/412379	D	Chu, Judy (Rep.) [D-CA27]
412380	Sen. George LeMieux (R-FL, 2009-2010)	http://www.govtrack.us/congress/members/george_lemieux/412380	R	LeMieux, George (Sen.) [R-FL, 2009-2010]
412382	Rep. John Garamendi (D-CA3)	http://www.govtrack.us/congress/members/john_garamendi/412382	D	Garamendi, John (Rep.) [D-CA3]
412383	Rep. William Owens (D-NY21)	http://www.govtrack.us/congress/members/william_owens/412383	D	Owens, William (Rep.) [D-NY21]
412384	Sen. Scott Brown (R-MA, 2010-2013)	http://www.govtrack.us/congress/members/scott_brown/412384	R	Brown, Scott (Sen.) [R-MA, 2010-2013]
412387	Rep. Charles Djou (R-HI1, 2010-2010)	http://www.govtrack.us/congress/members/charles_djou/412387	R	Djou, Charles (Rep.) [R-HI1, 2010-2010]
412388	Rep. Tom Graves (R-GA14)	http://www.govtrack.us/congress/members/tom_graves/412388	R	Graves, Tom (Rep.) [R-GA14]
412390	Sen. Chris Coons (D-DE)	http://www.govtrack.us/congress/members/chris_coons/412390	D	Coons, Chris (Sen.) [D-DE]
412391	Sen. Joe Manchin (D-WV)	http://www.govtrack.us/congress/members/joe_manchin/412391	D	Manchin, Joe (Sen.) [D-WV]
412392	Rep. Marlin Stutzman (R-IN3)	http://www.govtrack.us/congress/members/marlin_stutzman/412392	R	Stutzman, Marlin (Rep.) [R-IN3]
412393	Rep. Tom Reed (R-NY23)	http://www.govtrack.us/congress/members/tom_reed/412393	R	Reed, Tom (Rep.) [R-NY23]
412397	Rep. Paul Gosar (R-AZ4)	http://www.govtrack.us/congress/members/paul_gosar/412397	R	Gosar, Paul (Rep.) [R-AZ4]
412398	Rep. Ben Quayle (R-AZ3, 2011-2013)	http://www.govtrack.us/congress/members/ben_quayle/412398	R	Quayle, Ben (Rep.) [R-AZ3, 2011-2013]
412399	Rep. David Schweikert (R-AZ6)	http://www.govtrack.us/congress/members/david_schweikert/412399	R	Schweikert, David (Rep.) [R-AZ6]
412400	Rep. Eric "Rick" Crawford (R-AR1)	http://www.govtrack.us/congress/members/eric_crawford/412400	R	Crawford, Eric “Rick” (Rep.) [R-AR1]
412401	Rep. Tim Griffin (R-AR2)	http://www.govtrack.us/congress/members/tim_griffin/412401	R	Griffin, Tim (Rep.) [R-AR2]
412403	Rep. Jeff Denham (R-CA10)	http://www.govtrack.us/congress/members/jeff_denham/412403	R	Denham, Jeff (Rep.) [R-CA10]
412404	Rep. Karen Bass (D-CA37)	http://www.govtrack.us/congress/members/karen_bass/412404	D	Bass, Karen (Rep.) [D-CA37]
412405	Rep. Scott Tipton (R-CO3)	http://www.govtrack.us/congress/members/scott_tipton/412405	R	Tipton, Scott (Rep.) [R-CO3]
412406	Rep. Cory Gardner (R-CO4)	http://www.govtrack.us/congress/members/cory_gardner/412406	R	Gardner, Cory (Rep.) [R-CO4]
412411	Rep. Dennis Ross (R-FL15)	http://www.govtrack.us/congress/members/dennis_ross/412411	R	Ross, Dennis (Rep.) [R-FL15]
412414	Rep. Sandy Adams (R-FL24, 2011-2013)	http://www.govtrack.us/congress/members/sandy_adams/412414	R	Adams, Sandy (Rep.) [R-FL24, 2011-2013]
412415	Rep. David Rivera (R-FL25, 2011-2013)	http://www.govtrack.us/congress/members/david_rivera/412415	R	Rivera, David (Rep.) [R-FL25, 2011-2013]
412417	Rep. Austin Scott (R-GA8)	http://www.govtrack.us/congress/members/austin_scott/412417	R	Scott, Austin (Rep.) [R-GA8]
412422	Rep. Randy Hultgren (R-IL14)	http://www.govtrack.us/congress/members/randy_hultgren/412422	R	Hultgren, Randy (Rep.) [R-IL14]
412424	Rep. Joe Walsh (R-IL8, 2011-2013)	http://www.govtrack.us/congress/members/joe_walsh/412424	R	Walsh, Joe (Rep.) [R-IL8, 2011-2013]
412426	Rep. Todd Rokita (R-IN4)	http://www.govtrack.us/congress/members/todd_rokita/412426	R	Rokita, Todd (Rep.) [R-IN4]
412427	Rep. Larry Bucshon (R-IN8)	http://www.govtrack.us/congress/members/larry_bucshon/412427	R	Bucshon, Larry (Rep.) [R-IN8]
412431	Rep. Mike Pompeo (R-KS4)	http://www.govtrack.us/congress/members/mike_pompeo/412431	R	Pompeo, Mike (Rep.) [R-KS4]
412432	Rep. Cedric Richmond (D-LA2)	http://www.govtrack.us/congress/members/cedric_richmond/412432	D	Richmond, Cedric (Rep.) [D-LA2]
412433	Rep. Jeff Landry (R-LA3, 2011-2013)	http://www.govtrack.us/congress/members/jeff_landry/412433	R	Landry, Jeff (Rep.) [R-LA3, 2011-2013]
412436	Rep. Dan Benishek (R-MI1)	http://www.govtrack.us/congress/members/dan_benishek/412436	R	Benishek, Dan (Rep.) [R-MI1]
412438	Rep. Justin Amash (R-MI3)	http://www.govtrack.us/congress/members/justin_amash/412438	R	Amash, Justin (Rep.) [R-MI3]
412442	Rep. Alan Nunnelee (R-MS1)	http://www.govtrack.us/congress/members/alan_nunnelee/412442	R	Nunnelee, Alan (Rep.) [R-MS1]
412446	Rep. Joseph Heck (R-NV3)	http://www.govtrack.us/congress/members/joseph_heck/412446	R	Heck, Joseph (Rep.) [R-NV3]
412447	Rep. Frank Guinta (R-NH1, 2011-2013)	http://www.govtrack.us/congress/members/frank_guinta/412447	R	Guinta, Frank (Rep.) [R-NH1, 2011-2013]
412451	Rep. Michael Grimm (R-NY11)	http://www.govtrack.us/congress/members/michael_grimm/412451	R	Grimm, Michael (Rep.) [R-NY11]
412453	Rep. Christopher Gibson (R-NY19)	http://www.govtrack.us/congress/members/christopher_gibson/412453	R	Gibson, Christopher (Rep.) [R-NY19]
412454	Rep. Richard Hanna (R-NY22)	http://www.govtrack.us/congress/members/richard_hanna/412454	R	Hanna, Richard (Rep.) [R-NY22]
412457	Rep. Renee Ellmers (R-NC2)	http://www.govtrack.us/congress/members/renee_ellmers/412457	R	Ellmers, Renee (Rep.) [R-NC2]
412458	Rep. Rick Berg (R-ND0, 2011-2013)	http://www.govtrack.us/congress/members/rick_berg/412458	R	Berg, Rick (Rep.) [R-ND0, 2011-2013]
412460	Rep. Bill Johnson (R-OH6)	http://www.govtrack.us/congress/members/bill_johnson/412460	R	Johnson, Bill (Rep.) [R-OH6]
412461	Rep. Steve Stivers (R-OH15)	http://www.govtrack.us/congress/members/steve_stivers/412461	R	Stivers, Steve (Rep.) [R-OH15]
412464	Rep. James Lankford (R-OK5)	http://www.govtrack.us/congress/members/james_lankford/412464	R	Lankford, James (Rep.) [R-OK5]
412466	Rep. Patrick Meehan (R-PA7)	http://www.govtrack.us/congress/members/patrick_meehan/412466	R	Meehan, Patrick (Rep.) [R-PA7]
412470	Rep. David Cicilline (D-RI1)	http://www.govtrack.us/congress/members/david_cicilline/412470	D	Cicilline, David (Rep.) [D-RI1]
412472	Rep. Jeff Duncan (R-SC3)	http://www.govtrack.us/congress/members/jeff_duncan/412472	R	Duncan, Jeff (Rep.) [R-SC3]
412473	Rep. Trey Gowdy (R-SC4)	http://www.govtrack.us/congress/members/trey_gowdy/412473	R	Gowdy, Trey (Rep.) [R-SC4]
412474	Rep. Mick Mulvaney (R-SC5)	http://www.govtrack.us/congress/members/mick_mulvaney/412474	R	Mulvaney, Mick (Rep.) [R-SC5]
412476	Rep. Charles "Chuck" Fleischmann (R-TN3)	http://www.govtrack.us/congress/members/charles_fleischmann/412476	R	Fleischmann, Charles “Chuck” (Rep.) [R-TN3]
412477	Rep. Scott DesJarlais (R-TN4)	http://www.govtrack.us/congress/members/scott_desjarlais/412477	R	DesJarlais, Scott (Rep.) [R-TN4]
412478	Rep. Diane Black (R-TN6)	http://www.govtrack.us/congress/members/diane_black/412478	R	Black, Diane (Rep.) [R-TN6]
412479	Rep. Stephen Fincher (R-TN8)	http://www.govtrack.us/congress/members/stephen_fincher/412479	R	Fincher, Stephen (Rep.) [R-TN8]
412482	Rep. Blake Farenthold (R-TX27)	http://www.govtrack.us/congress/members/blake_farenthold/412482	R	Farenthold, Blake (Rep.) [R-TX27]
412483	Rep. Scott Rigell (R-VA2)	http://www.govtrack.us/congress/members/scott_rigell/412483	R	Rigell, Scott (Rep.) [R-VA2]
412487	Rep. David McKinley (R-WV1)	http://www.govtrack.us/congress/members/david_mckinley/412487	R	McKinley, David (Rep.) [R-WV1]
412488	Rep. Sean Duffy (R-WI7)	http://www.govtrack.us/congress/members/sean_duffy/412488	R	Duffy, Sean (Rep.) [R-WI7]
412490	Sen. Richard Blumenthal (D-CT)	http://www.govtrack.us/congress/members/richard_blumenthal/412490	D	Blumenthal, Richard (Sen.) [D-CT]
412491	Sen. Marco Rubio (R-FL)	http://www.govtrack.us/congress/members/marco_rubio/412491	R	Rubio, Marco (Sen.) [R-FL]
412492	Sen. Rand Paul (R-KY)	http://www.govtrack.us/congress/members/rand_paul/412492	R	Paul, Rand (Sen.) [R-KY]
412493	Sen. Kelly Ayotte (R-NH)	http://www.govtrack.us/congress/members/kelly_ayotte/412493	R	Ayotte, Kelly (Sen.) [R-NH]
412495	Sen. Mike Lee (R-UT)	http://www.govtrack.us/congress/members/mike_lee/412495	R	Lee, Mike (Sen.) [R-UT]
412497	Rep. Kathleen Hochul (D-NY26, 2011-2013)	http://www.govtrack.us/congress/members/kathleen_hochul/412497	D	Hochul, Kathleen (Rep.) [D-NY26, 2011-2013]
412498	Rep. Janice Hahn (D-CA44)	http://www.govtrack.us/congress/members/janice_hahn/412498	D	Hahn, Janice (Rep.) [D-CA44]
412499	Rep. Robert Turner (R-NY9, 2011-2013)	http://www.govtrack.us/congress/members/robert_turner/412499	R	Turner, Robert (Rep.) [R-NY9, 2011-2013]
412501	Rep. Suzanne Bonamici (D-OR1)	http://www.govtrack.us/congress/members/suzanne_bonamici/412501	D	Bonamici, Suzanne (Rep.) [D-OR1]
412509	Rep. Kyrsten Sinema (D-AZ9)	http://www.govtrack.us/congress/members/kyrsten_sinema/412509	D	Sinema, Kyrsten (Rep.) [D-AZ9]
412518	Rep. Gloria Negrete McLeod (D-CA35)	http://www.govtrack.us/congress/members/gloria_negrete_mcleod/412518	D	Negrete McLeod, Gloria (Rep.) [D-CA35]
412523	Rep. Scott Peters (D-CA52)	http://www.govtrack.us/congress/members/scott_peters/412523	D	Peters, Scott (Rep.) [D-CA52]
412524	Rep. Elizabeth Esty (D-CT5)	http://www.govtrack.us/congress/members/elizabeth_esty/412524	D	Esty, Elizabeth (Rep.) [D-CT5]
412525	Rep. Ted Yoho (R-FL3)	http://www.govtrack.us/congress/members/ted_yoho/412525	R	Yoho, Ted (Rep.) [R-FL3]
412527	Rep. Patrick Murphy (D-FL18)	http://www.govtrack.us/congress/members/patrick_murphy/412527	D	Murphy, Patrick (Rep.) [D-FL18]
412530	Rep. Joe Garcia (D-FL26)	http://www.govtrack.us/congress/members/joe_garcia/412530	D	Garcia, Joe (Rep.) [D-FL26]
412535	Rep. William Enyart (D-IL12)	http://www.govtrack.us/congress/members/william_enyart/412535	D	Enyart, William (Rep.) [D-IL12]
412536	Rep. Rodney Davis (R-IL13)	http://www.govtrack.us/congress/members/rodney_davis/412536	R	Davis, Rodney (Rep.) [R-IL13]
412537	Rep. Cheri Bustos (D-IL17)	http://www.govtrack.us/congress/members/cheri_bustos/412537	D	Bustos, Cheri (Rep.) [D-IL17]
412545	Sen. Angus King (I-ME)	http://www.govtrack.us/congress/members/angus_king/412545	I	King, Angus (Sen.) [I-ME]
412557	Rep. Ann Kuster (D-NH2)	http://www.govtrack.us/congress/members/ann_kuster/412557	D	Kuster, Ann (Rep.) [D-NH2]
412562	Rep. Sean Maloney (D-NY18)	http://www.govtrack.us/congress/members/sean_maloney/412562	D	Maloney, Sean (Rep.) [D-NY18]
412571	Rep. Matthew Cartwright (D-PA17)	http://www.govtrack.us/congress/members/matthew_cartwright/412571	D	Cartwright, Matthew (Rep.) [D-PA17]
412580	Rep. Filemon Vela (D-TX34)	http://www.govtrack.us/congress/members/filemon_vela/412580	D	Vela, Filemon (Rep.) [D-TX34]
